tiempo_s,altura_ref_m,altura_est_m,velocidad_ref_m_s,velocidad_est_m_s,error_altura_m,error_velocidad_m_s,sesgo_acc_x_m_s2,sesgo_acc_y_m_s2,sesgo_acc_z_m_s2,sesgo_giro_x_rad_s,sesgo_giro_y_rad_s,sesgo_giro_z_rad_s
0.000000,0,-0,0,-0,0,0,0,0,0,0,0,0
0.010000,0,0.474998385,0,-0.00255028205,-0.474998385,0.00255028205,-2.37505517e-07,3.40113506e-12,-1.86864912e-12,0,0,0
0.020000,0,-0.423924953,0,-0.00328127528,0.423924953,0.00328127528,4.25696044e-06,-6.99771074e-11,6.75687145e-11,-1.2416161e-16,-5.48873837e-12,7.30516862e-12
0.030000,0,-0.0714557767,0,-0.00315738772,0.0714557767,0.00315738772,-1.91179288e-06,3.73834297e-11,-6.97569225e-11,2.14465645e-16,7.71337508e-12,-4.35569202e-12
0.040000,0,0.388162374,0,-0.00203600246,-0.388162374,0.00203600246,-2.12166851e-05,4.02234801e-10,-5.58349811e-10,1.3945345e-15,4.45952303e-11,-4.39164954e-11
0.050000,0,0.641887486,0,0.00157630385,-0.641887486,-0.00157630385,-4.21489094e-05,8.40352843e-10,-1.08611675e-09,5.58711235e-06,-2.01253097e-05,1.1772564e-05
0.060000,0,0.699206948,0,0.00272085448,-0.699206948,-0.00272085448,-5.03422525e-05,-8.21135104e-10,-4.45228476e-09,5.587141e-06,-2.01253315e-05,1.17725986e-05
0.070000,0,0.6284132,0,0.00508359633,-0.6284132,-0.00508359633,-3.42287021e-05,9.16735043e-09,1.37181173e-08,5.58708962e-06,-2.01252969e-05,1.17725403e-05
0.080000,0,0.553269267,0,0.00381016778,-0.553269267,-0.00381016778,-8.66684059e-06,3.60581396e-08,6.15004083e-08,5.58700958e-06,-2.01252515e-05,1.17724703e-05
0.090000,0,0.414647251,0,0.00534405233,-0.414647251,-0.00534405233,5.8509464e-05,1.33457291e-07,2.32847555e-07,5.58678403e-06,-2.01251733e-05,1.17723766e-05
0.100000,0,0.24608919,0,0.0306950342,-0.24608919,-0.0306950342,-0.0093290722,0.00112805259,-0.00530206319,-0.000164467565,4.59094081e-05,-0.000331188028
0.110000,0,0.239810348,0,0.0319601744,-0.239810348,-0.0319601744,-0.00932402629,0.00112806179,-0.00530204596,-0.000164467594,4.59094153e-05,-0.000331188057
0.120000,0,0.465484738,0,0.0337608419,-0.465484738,-0.0337608419,-0.00955173653,0.00112762663,-0.00530294562,-0.000164466459,4.59092298e-05,-0.00033118733
0.130000,0,0.286218196,0,0.0324169844,-0.286218196,-0.0324169844,-0.00931794476,0.00112807169,-0.00530192722,-0.000164467565,4.59093571e-05,-0.000331187999
0.140000,0,0.28817758,0,0.0326449201,-0.28817758,-0.0326449201,-0.00932062976,0.0011280668,-0.00530193979,-0.00016446755,4.59093571e-05,-0.000331187999
0.150000,0,0.298446208,0,0.0329900496,-0.298446208,-0.0329900496,-0.00934332423,0.000770147599,-0.00461433223,0.000158992159,0.000875901664,0.000321388448
0.160000,0,0.18280533,0,0.034592934,-0.18280533,-0.034592934,-0.00905426592,0.000770629733,-0.00461283932,0.000158990486,0.00087590277,0.000321387255
0.170000,0,0.188034639,0,0.0346579812,-0.188034639,-0.0346579812,-0.0090689538,0.000770605868,-0.00461291615,0.000158990573,0.000875902711,0.000321387313
0.180000,0,0.149195373,0,0.0368546471,-0.149195373,-0.0368546471,-0.00892825611,0.000770831248,-0.00461217994,0.000158989744,0.000875903293,0.000321386993
0.190000,0,0.118797995,0,0.0366054475,-0.118797995,-0.0366054475,-0.00879778527,0.000771039457,-0.0046115038,0.000158988943,0.000875903817,0.000321386848
0.200000,0,0.0611063875,0,0.0516938679,-0.0611063875,-0.0516938679,-0.0195321701,-0.0160400588,-0.0353857912,0.000311514799,0.000784880482,0.000579370186
0.210000,0,0.0509322882,0,0.0517103374,-0.0509322882,-0.0517103374,-0.0194793679,-0.0160399862,-0.035385523,0.000311514392,0.000784880831,0.000579370069
0.220000,0,0.0984890461,0,0.0544015281,-0.0984890461,-0.0544015281,-0.0197495595,-0.0160403606,-0.0353868529,0.000311516545,0.000784879201,0.000579370302
0.230000,0,0.205097437,0,0.0578023046,-0.205097437,-0.0578023046,-0.0204530265,-0.0160413347,-0.0353902094,0.000311522308,0.000784874894,0.000579369953
0.240000,0,0.24418053,0,0.0605972186,-0.24418053,-0.0605972186,-0.020745812,-0.0160417389,-0.0353915654,0.000311524782,0.000784873089,0.000579369429
0.250000,0,0.244792789,0,0.0616014712,-0.244792789,-0.0616014712,-0.0207419079,-0.0155301495,-0.0361515097,-5.33239472e-05,6.96266216e-05,-0.000156096838
0.260000,0,0.166590422,0,0.0616119914,-0.166590422,-0.0616119914,-0.0199711788,-0.015529084,-0.0361481532,-5.33318635e-05,6.96323914e-05,-0.000156096517
0.270000,0,0.158511028,0,0.0634439588,-0.158511028,-0.0634439588,-0.0198755749,-0.0155289527,-0.0361477472,-5.33328493e-05,6.96331335e-05,-0.000156096416
0.280000,0,0.206998855,0,0.065813601,-0.206998855,-0.065813601,-0.02046334,-0.0155297536,-0.0361501761,-5.33268249e-05,6.96284187e-05,-0.000156097289
0.290000,0,0.149115726,0,0.0656236708,-0.149115726,-0.0656236708,-0.0196619127,-0.0155286733,-0.0361469425,-5.33349667e-05,6.96350326e-05,-0.000156095834
0.300000,0,0.185998589,0,0.0760026872,-0.185998589,-0.0760026872,-0.0294072367,0.0184457358,-0.0572220497,-0.000875263708,0.00163994194,-0.0016646455
0.310000,0,0.140400961,0,0.0751017854,-0.140400961,-0.0751017854,-0.0287457779,0.0184463505,-0.0572194494,-0.000875270984,0.00163994776,-0.00166464644
0.320000,0,0.14773041,0,0.0750982091,-0.14773041,-0.0750982091,-0.0288499258,0.0184462555,-0.057219848,-0.00087526982,0.00163994683,-0.00166464632
0.330000,0,0.0652386248,0,0.0723098069,-0.0652386248,-0.0723098069,-0.0273931753,0.0184475612,-0.0572144389,-0.000875285768,0.00163996033,-0.00166464632
0.340000,0,0.0319610387,0,0.0727040321,-0.0319610387,-0.0727040321,-0.026737364,0.0184481405,-0.0572120771,-0.000875292928,0.00163996662,-0.00166464585
0.350000,0,-0.00328446133,0,0.0716497898,0.00328446133,-0.0716497898,-0.0259759333,0.0188913718,-0.0567465089,-0.00114934007,0.00204590149,-0.00221166713
0.360000,0,0.00634405855,0,0.0707485601,-0.00634405855,-0.0707485601,-0.0261828639,0.018891193,-0.0567472093,-0.00114933751,0.0020458994,-0.00221166713
0.370000,0,-0.0153936967,0,0.0714109018,0.0153936967,-0.0714109018,-0.0256137829,0.0188916791,-0.0567453466,-0.00114934437,0.00204590545,-0.00221166713
0.380000,0,0.0425370261,0,0.0746868625,-0.0425370261,-0.0746868625,-0.0271936264,0.0188903417,-0.056750346,-0.0011493254,0.00204588799,-0.0022116683
0.390000,0,0.0412414297,0,0.0763216242,-0.0412414297,-0.0763216242,-0.0271320697,0.0188903939,-0.0567501597,-0.0011493261,0.00204588869,-0.0022116683
0.400000,0,0.0616477914,0,0.0522029027,-0.0616477914,-0.0522029027,0.00114966254,-0.000801325717,-9.52333212e-05,0.000157999864,0.00221343385,0.000251010875
0.410000,0,0.0117223449,0,0.0498933978,-0.0117223449,-0.0498933978,0.00264147157,-0.000800809241,-9.08437578e-05,0.000157981936,0.00221344875,0.000251008052
0.420000,0,0.0122866919,0,0.04864721,-0.0122866919,-0.04864721,0.0026391733,-0.000800809998,-9.08502479e-05,0.000157981965,0.00221344875,0.000251008052
0.430000,0,0.0476744696,0,0.051948525,-0.0476744696,-0.051948525,0.00142834964,-0.000801209244,-9.41296457e-05,0.000157996357,0.00221343595,0.000251008692
0.440000,0,0.0799895376,0,0.0528172851,-0.0799895376,-0.0528172851,0.000236967928,-0.000801595685,-9.7223543e-05,0.0001580104,0.00221342267,0.000251008692
0.450000,0,0.0372113883,0,0.050117489,-0.0372113883,-0.050117489,0.00197641551,-0.00111686962,0.00158299645,0.000388257613,0.00362335821,0.000712098205
0.460000,0,0.0165207293,0,0.0495577157,-0.0165207293,-0.0495577157,0.00289647724,-0.00111657812,0.00158518646,0.000388246117,0.00362336729,0.00071209739
0.470000,0,0.0427353047,0,0.0518039204,-0.0427353047,-0.0518039204,0.00169830956,-0.00111695309,0.00158246071,0.000388260931,0.00362335495,0.000712097913
0.480000,0,0.00889485702,0,0.0514796488,-0.00889485702,-0.0514796488,0.00341401249,-0.00111642352,0.00158618484,0.000388239889,0.00362337334,0.000712097972
0.490000,0,0.0277225114,0,0.0526175611,-0.0277225114,-0.0526175611,0.00243612844,-0.00111672003,0.00158416294,0.000388251821,0.0036233624,0.00071209739
0.500000,0,-0.00449925102,0,0.111426115,0.00449925102,-0.111426115,-0.0650855675,-0.0183553975,0.0155902831,0.000512985105,0.00273206295,0.000809576479
0.510000,0,0.0160550512,0,0.114078686,-0.0160550512,-0.114078686,-0.066067636,-0.018355228,0.0155883683,0.000512996688,0.00273205456,0.000809579389
0.520000,0,0.0329466462,0,0.117101952,-0.0329466462,-0.117101952,-0.0669176504,-0.0183550809,0.0155868046,0.000513006584,0.00273204688,0.000809581485
0.530000,0,0.0350212567,0,0.117820442,-0.0350212567,-0.117820442,-0.0669695139,-0.0183550715,0.0155867143,0.000513007166,0.00273204641,0.000809581601
0.540000,0,0.0854599178,0,0.123158269,-0.0854599178,-0.123158269,-0.0699916855,-0.0183545519,0.0155817848,0.000513041567,0.00273201615,0.000809586723
0.550000,0,0.0968215764,0,0.124965876,-0.0968215764,-0.124965876,-0.0706507564,-0.0181237254,0.0153540382,0.000331034709,0.00254438911,0.000450322113
0.560000,0,0.0992617235,0,0.126983494,-0.0992617235,-0.126983494,-0.0707326084,-0.0181237105,0.0153539209,0.00033103567,0.00254438841,0.000450322288
0.570000,0,0.112740129,0,0.130465791,-0.112740129,-0.130465791,-0.0716291964,-0.018123541,0.0153527185,0.000331046118,0.00254438026,0.000450323831
0.580000,0,0.108001165,0,0.131798297,-0.108001165,-0.131798297,-0.0711578801,-0.0181236342,0.0153533081,0.000331040676,0.00254438468,0.00045032319
0.590000,0,0.121752083,0,0.136158124,-0.121752083,-0.136158124,-0.0721806586,-0.0181234218,0.0153521178,0.000331052375,0.00254437444,0.000450324209
0.600000,0,0.110999696,0,0.0637182221,-0.110999696,-0.0637182221,0.0118594486,0.0245947782,-0.0347612016,0.000266981602,0.000207987847,0.00076893653
0.610000,0,0.139674991,0,0.06688191,-0.139674991,-0.06688191,0.00973951817,0.0245960895,-0.0347634293,0.000267004332,0.000207973761,0.000768947182
0.620000,0,0.107812092,0,0.0641878843,-0.107812092,-0.0641878843,0.0123409349,0.0245944932,-0.0347609222,0.000266976771,0.000207992518,0.000768935133
0.630000,0,0.0837636143,0,0.0617628917,-0.0837636143,-0.0617628917,0.0144260228,0.0245932266,-0.0347590819,0.000266954885,0.000208009005,0.00076892646
0.640000,0,0.0966917574,0,0.0647360906,-0.0966917574,-0.0647360906,0.0133301225,0.0245938823,-0.0347599648,0.000266966294,0.000207999401,0.000768930477
0.650000,0,0.0622003041,0,0.062125057,-0.0622003041,-0.062125057,0.0166047476,0.0225545485,-0.0309276786,0.00167179387,0.0034467224,0.00355692743
0.660000,0,0.0424523652,0,0.0606784001,-0.0424523652,-0.0606784001,0.0186174251,0.0225533769,-0.0309263561,0.00167177222,0.00344673707,0.00355692115
0.670000,0,0.055579517,0,0.0624774024,-0.055579517,-0.0624774024,0.0173172057,0.0225541182,-0.0309271198,0.00167178619,0.00344672683,0.00355692441
0.680000,0,0.0650843158,0,0.0668168142,-0.0650843158,-0.0668168142,0.0163503382,0.0225546546,-0.0309276227,0.00167179655,0.00344671845,0.00355692604
0.690000,0,0.0372462645,0,0.0648618788,-0.0372462645,-0.0648618788,0.0196137186,0.0225529075,-0.0309261475,0.00167176151,0.00344674895,0.00355692231
0.700000,0,0.0570711829,0,0.116453342,-0.0570711829,-0.116453342,-0.0349361189,-0.00482016616,-0.0636984333,0.00157211698,0.00370274042,0.00297382078
0.710000,0,0.0298506711,0,0.113099977,-0.0298506711,-0.113099977,-0.0320213437,-0.00482266862,-0.0636974201,0.00157208811,0.00370275532,0.00297380588
0.720000,0,0.0473170653,0,0.1157647,-0.0473170653,-0.1157647,-0.0337809026,-0.00482120086,-0.0636979043,0.00157210568,0.00370274484,0.00297381333
0.730000,0,0.030913081,0,0.115944616,-0.030913081,-0.115944616,-0.0317964591,-0.00482281111,-0.0636974946,0.00157208566,0.00370275835,0.00297380681
0.740000,0,0.0465372875,0,0.119767152,-0.0465372875,-0.119767152,-0.0335056521,-0.0048214579,-0.063697733,0.00157210301,0.00370274507,0.00297381077
0.750000,0,0.0590437576,0,0.122103378,-0.0590437576,-0.122103378,-0.0349176936,-0.00454061897,-0.0612356849,0.00118884945,0.00583442254,0.00224020472
0.760000,0,0.106256992,0,0.129715085,-0.106256992,-0.129715085,-0.0408629179,-0.00453619054,-0.0612356961,0.00118891208,0.00583438529,0.0022402117
0.770000,0,0.0971570984,0,0.129195079,-0.0971570984,-0.129195079,-0.0394586362,-0.00453720009,-0.0612357855,0.00118889729,0.00583439553,0.002240211
0.780000,0,0.108270228,0,0.131734401,-0.108270228,-0.131734401,-0.0408411995,-0.00453624222,-0.0612356067,0.00118891196,0.00583438436,0.002240211
0.790000,0,0.108081058,0,0.129466146,-0.108081058,-0.129466146,-0.0406214967,-0.00453638984,-0.0612356476,0.00118890963,0.00583438622,0.00224021124
0.800000,0,0.125114501,0,0.166306332,-0.125114501,-0.166306332,-0.0770547763,-0.00250050169,-0.137244046,0.00213879882,0.00455982843,0.00412837882
0.810000,0,0.101298913,0,0.1641123,-0.101298913,-0.1641123,-0.0737522095,-0.00250353222,-0.137245089,0.00213876809,0.00455983961,0.00412836531
0.820000,0,0.0964429379,0,0.165790677,-0.0964429379,-0.165790677,-0.0728725567,-0.00250432524,-0.137245432,0.00213875971,0.0045598438,0.00412836252
0.830000,0,0.130005956,0,0.173297673,-0.130005956,-0.173297673,-0.077361919,-0.0025003287,-0.137243405,0.00213880371,0.00455981679,0.0041283709
0.840000,0,0.126016662,0,0.173729852,-0.126016662,-0.173729852,-0.0765224248,-0.00250106724,-0.137243837,0.00213879533,0.00455982285,0.00412837043
0.850000,0,0.0906584412,0,0.167952091,-0.0906584412,-0.167952091,-0.0708660185,-0.00103105512,-0.137375265,0.00095187244,0.00446705148,0.00181228737
0.860000,0,0.10532514,0,0.172381982,-0.10532514,-0.172381982,-0.0729215294,-0.00102929154,-0.137373924,0.000951894617,0.00446703704,0.00181228493
0.870000,0,0.100453019,0,0.172072247,-0.100453019,-0.172072247,-0.0718357265,-0.00103021855,-0.137374699,0.00095188251,0.00446704635,0.00181228749
0.880000,0,0.100081049,0,0.174122289,-0.100081049,-0.174122289,-0.071476385,-0.00103052426,-0.137374982,0.000951878377,0.00446705008,0.00181228877
0.890000,0,0.126408741,0,0.179033861,-0.126408741,-0.179033861,-0.0758287311,-0.00102682819,-0.137371346,0.000951930124,0.00446699932,0.00181226793
0.900000,0,0.101555191,0,0.164894238,-0.101555191,-0.164894238,-0.0602164865,-0.00210964167,-0.0922903791,0.000709707383,0.00439727539,0.00132781209
0.910000,0,0.102239504,0,0.16590482,-0.102239504,-0.16590482,-0.06006651,-0.00210979208,-0.0922905207,0.000709705928,0.00439727586,0.00132781186
0.920000,0,0.114990763,0,0.169771194,-0.114990763,-0.169771194,-0.0618432723,-0.00210800744,-0.0922886953,0.000709723739,0.00439726654,0.00132781221
0.930000,0,0.121957429,0,0.174031645,-0.121957429,-0.174031645,-0.0627162308,-0.00210712571,-0.0922877491,0.000709732936,0.00439726049,0.00132781116
0.940000,0,0.0916590691,0,0.168558329,-0.0916590691,-0.168558329,-0.0571995229,-0.00211275043,-0.092294082,0.000709671585,0.00439730985,0.00132782618
0.950000,0,0.0698451772,0,0.164621487,-0.0698451772,-0.164621487,-0.0529797301,-0.00260345405,-0.0958569869,0.00117686053,0.00130733172,0.00221216632
0.960000,0,0.0403661355,0,0.157700568,-0.0403661355,-0.157700568,-0.047241237,-0.00260943198,-0.0958642587,0.00117678894,0.00130738469,0.00221219612
0.970000,0,0.0622214116,0,0.164077878,-0.0622214116,-0.164077878,-0.051104635,-0.00260537653,-0.0958591476,0.00117683923,0.00130734255,0.00221217098
0.980000,0,0.0460944921,0,0.158137634,-0.0460944921,-0.158137634,-0.047607664,-0.00260907668,-0.0958639607,0.00117679173,0.00130738644,0.00221219822
0.990000,0,0.0699649006,0,0.1647228,-0.0699649006,-0.1647228,-0.0521378852,-0.00260422658,-0.0958574936,0.00117685588,0.00130732253,0.00221215677
1.000000,0,0.0645232052,0,0.143338218,-0.0645232052,-0.143338218,-0.0312825553,-0.000575621845,-0.072826311,0.00236274023,-0.00094557897,0.00465060817
1.010000,0,0.0806244984,0,0.146953821,-0.0806244984,-0.146953821,-0.0338686854,-0.00057267287,-0.0728223175,0.00236276793,-0.000945593172,0.00465060491
1.020000,0,0.0618528053,0,0.143208146,-0.0618528053,-0.143208146,-0.0301806629,-0.000576918712,-0.072828196,0.00236272579,-0.000945567037,0.00465061469
1.030000,0,0.0638423488,0,0.145608425,-0.0638423488,-0.145608425,-0.0302833654,-0.000576799037,-0.0728280246,0.00236272695,-0.00094556791,0.00465061422
1.040000,0,0.0612079166,0,0.14471966,-0.0612079166,-0.14471966,-0.0294895675,-0.000577737868,-0.0728293657,0.00236271671,-0.000945560052,0.00465061888
1.050000,0,0.071626395,0,0.148954526,-0.071626395,-0.148954526,-0.0312850699,-0.00210410077,-0.0729702935,0.00301066716,-0.00107248034,0.00593035435
1.060000,0,0.0815650672,0,0.152667284,-0.0815650672,-0.152667284,-0.0330253579,-0.00210197922,-0.0729672015,0.00301069324,-0.00107249571,0.00593033945
1.070000,0,0.0689729601,0,0.148784652,-0.0689729601,-0.148784652,-0.0300279316,-0.00210568123,-0.0729726478,0.00301064551,-0.00107246591,0.00593036972
1.080000,0,0.0723706707,0,0.152287483,-0.0723706707,-0.152287483,-0.0304420032,-0.00210516504,-0.0729718804,0.00301065249,-0.00107247045,0.00593036506
1.090000,0,0.0815114453,0,0.155819654,-0.0815114453,-0.155819654,-0.0321526937,-0.00210301811,-0.0729686394,0.0030106823,-0.00107249105,0.00593034271
1.100000,0,0.1096422,0,0.169395953,-0.1096422,-0.169395953,-0.043244347,-0.00900970586,-0.0622883365,0.00288497843,0.000517011969,0.00544219743
1.110000,0,0.111274146,0,0.17051518,-0.111274146,-0.17051518,-0.0432311855,-0.00900972262,-0.0622883625,0.0028849782,0.000517012028,0.00544219743
1.120000,0,0.0931665599,0,0.167320833,-0.0931665599,-0.167320833,-0.0392640084,-0.00901482999,-0.0622963347,0.00288492232,0.000517036999,0.00544222072
1.130000,0,0.1007884,0,0.171109021,-0.1007884,-0.171109021,-0.0404865071,-0.00901324116,-0.062293835,0.00288494071,0.000517028035,0.0054422114
1.140000,0,0.104347028,0,0.174339563,-0.104347028,-0.174339563,-0.0408747233,-0.00901273172,-0.0622930266,0.002884947,0.000517024775,0.00544220768
1.150000,0,0.112996839,0,0.176311091,-0.112996839,-0.176311091,-0.0423532985,-0.00754396012,-0.0639954954,0.0022138122,-0.000879521365,0.00411670469
1.160000,0,0.112517826,0,0.1766541,-0.112517826,-0.1766541,-0.0418512821,-0.00754462415,-0.0639965758,0.00221380289,-0.00087951764,0.00411671074
1.170000,0,0.11070662,0,0.176668391,-0.11070662,-0.176668391,-0.041029606,-0.0075457152,-0.0639983639,0.00221378705,-0.000879510771,0.00411672145
1.180000,0,0.106294222,0,0.175264105,-0.106294222,-0.175264105,-0.0395753756,-0.00754765468,-0.0640015677,0.00221375772,-0.000879497209,0.00411674287
1.190000,0,0.107353128,0,0.17547527,-0.107353128,-0.17547527,-0.0394075178,-0.00754787913,-0.0640019402,0.00221375423,-0.000879495463,0.00411674567
1.200000,0,0.140015841,0,0.193565428,-0.140015841,-0.193565428,-0.0512374416,-0.0181431044,-0.0408757739,0.00330390758,-0.00193212507,0.0058491067
1.210000,0,0.107716024,0,0.183489323,-0.107716024,-0.183489323,-0.0440937877,-0.0181527808,-0.0408921652,0.00330379279,-0.00193210063,0.00584915886
1.220000,0,0.11094933,0,0.183418959,-0.11094933,-0.183418959,-0.0443937518,-0.0181523729,-0.0408914685,0.00330379792,-0.00193210202,0.00584915606
1.230000,0,0.121561751,0,0.187761694,-0.121561751,-0.187761694,-0.0463197902,-0.0181497391,-0.0408869497,0.00330383331,-0.00193211297,0.00584913557
1.240000,0,0.109212644,0,0.183183759,-0.109212644,-0.183183759,-0.0431170315,-0.0181541238,-0.0408945419,0.00330377114,-0.00193209108,0.00584917516
1.250000,0,0.1120812,0,0.184946969,-0.1120812,-0.184946969,-0.0433371142,-0.0161160044,-0.0417608358,0.00241625053,-0.00260306662,0.00411575381
1.260000,0,0.111444868,0,0.185948044,-0.111444868,-0.185948044,-0.0427477807,-0.0161168035,-0.0417622589,0.00241623772,-0.00260306289,0.00411576219
1.270000,0,0.0977338552,0,0.181865945,-0.0977338552,-0.181865945,-0.0389818102,-0.0161218345,-0.0417714417,0.00241615321,-0.00260303589,0.0041158204
1.280000,0,0.0931614786,0,0.179805741,-0.0931614786,-0.179805741,-0.0374008417,-0.0161239114,-0.0417753272,0.00241611665,-0.00260302331,0.00411584647
1.290000,0,0.0765948221,0,0.174035639,-0.0765948221,-0.174035639,-0.0327551365,-0.0161299016,-0.0417868271,0.00241600629,-0.0026029821,0.00411592796
1.300000,0,0.0300425626,0,0.0861440003,-0.0300425626,-0.0861440003,0.0414741673,-0.0699607506,-0.0277525168,0.00216857065,-0.00319407578,0.000437154813
1.310000,0,0.0134549662,0,0.0801590309,-0.0134549662,-0.0801590309,0.0452996008,-0.0699662939,-0.027762115,0.00216849404,-0.00319406507,0.000437196111
1.320000,0,0.0115071721,0,0.0790427178,-0.0115071721,-0.0790427178,0.0459163152,-0.0699671656,-0.0277636722,0.00216848124,-0.00319406274,0.000437203387
1.330000,0,-0.0219677612,0,0.0666952729,0.0219677612,-0.0666952729,0.0537808016,-0.0699780807,-0.0277836528,0.00216831453,-0.00319402711,0.000437302893
1.340000,0,-0.017780982,0,0.0696028396,0.017780982,-0.0696028396,0.0529566966,-0.0699769631,-0.027781548,0.00216833246,-0.00319403154,0.000437291834
1.350000,0,-0.015035064,0,0.0697611794,0.015035064,-0.0697611794,0.0524596088,-0.071314387,-0.0277737714,0.00262825144,-0.00319406204,0.00133636815
1.360000,0,-0.00722186128,0,0.0743176043,0.00722186128,-0.0743176043,0.0507186577,-0.0713121369,-0.027769275,0.00262829079,-0.00319407065,0.00133634405
1.370000,0,-0.0188205093,0,0.0685057864,0.0188205093,-0.0685057864,0.0538045317,-0.0713160187,-0.0277772807,0.00262822025,-0.00319405319,0.00133638806
1.380000,0,-0.0296568591,0,0.064295046,0.0296568591,-0.064295046,0.0567461848,-0.0713196099,-0.0277849436,0.00262815272,-0.00319403457,0.0013364309
1.390000,0,-0.0394976661,0,0.0604485869,0.0394976661,-0.0604485869,0.0594768152,-0.071322836,-0.0277920831,0.00262809009,-0.00319401547,0.00133647106
1.400000,0,-0.021888556,0,0.0604881085,0.021888556,-0.0604881085,0.061133679,-0.0752987787,-0.0155403977,0.00299251289,-0.00624114461,0.00185785617
1.410000,0,-0.0393880233,0,0.0538441017,0.0393880233,-0.0538441017,0.0652352795,-0.0753050521,-0.0155511452,0.00299242255,-0.0062411367,0.00185790379
1.420000,0,-0.0418887474,0,0.052285172,0.0418887474,-0.052285172,0.0659378171,-0.0753060877,-0.0155529911,0.00299240742,-0.00624113483,0.00185791194
1.430000,0,-0.0293571334,0,0.0567297116,0.0293571334,-0.0567297116,0.0631025583,-0.0753020793,-0.0155455247,0.00299246795,-0.00624114415,0.00185787957
1.440000,0,-0.0495153256,0,0.0490145944,0.0495153256,-0.0490145944,0.068094559,-0.0753088892,-0.0155586936,0.00299236272,-0.00624112412,0.00185793627
1.450000,0,-0.059747953,0,0.043811366,0.059747953,-0.043811366,0.0707238019,-0.0745837167,-0.0150796399,0.00278933928,-0.0058976477,0.00146396982
1.460000,0,-0.0660450533,0,0.0396016985,0.0660450533,-0.0396016985,0.0724079087,-0.0745858699,-0.0150840981,0.00278930413,-0.00589764211,0.00146398786
1.470000,0,-0.0822141543,0,0.033677686,0.0822141543,-0.033677686,0.0766337886,-0.0745911077,-0.0150952926,0.00278921681,-0.00589762582,0.00146403292
1.480000,0,-0.0696567297,0,0.0375044048,0.0696567297,-0.0375044048,0.0734579712,-0.0745873004,-0.0150868762,0.00278928154,-0.00589763932,0.00146399939
1.490000,0,-0.0737881437,0,0.0359644778,0.0737881437,-0.0359644778,0.0746500269,-0.0745886788,-0.0150900353,0.00278925756,-0.00589763373,0.00146401173
1.500000,0,-0.0941985622,0,0.0109944344,0.0941985622,-0.0109944344,0.0921511054,-0.0432090424,-0.0594079085,0.00108068809,-0.00420110207,0.000533699291
1.510000,0,-0.0889592245,0,0.0121025667,0.0889592245,-0.0121025667,0.0909649581,-0.0432071909,-0.0594047979,0.00108071126,-0.00420110254,0.00053368957
1.520000,0,-0.097283937,0,0.00856072176,0.097283937,-0.00856072176,0.092953071,-0.0432101712,-0.0594100058,0.00108067377,-0.00420110067,0.000533705112
1.530000,0,-0.0881228372,0,0.0116436826,0.0881228372,-0.0116436826,0.0907761529,-0.0432070382,-0.0594043098,0.00108071347,-0.00420110393,0.000533688988
1.540000,0,-0.0728883147,0,0.0173547287,0.0728883147,-0.0173547287,0.0870846212,-0.0432019196,-0.0593946651,0.00108077878,-0.00420111138,0.000533662678
1.550000,0,-0.0796588287,0,0.0145731131,0.0796588287,-0.0145731131,0.0888141468,-0.0446389541,-0.0600537136,0.0015540754,-0.00464093266,0.00143532711
1.560000,0,-0.0858634487,0,0.0123715773,0.0858634487,-0.0123715773,0.0904199779,-0.0446410254,-0.0600579008,0.00155404839,-0.00464092987,0.00143533736
1.570000,0,-0.0682301,0,0.0189617854,0.0682301,-0.0189617854,0.0859177932,-0.04463543,-0.0600461811,0.00155412185,-0.00464094011,0.00143530988
1.580000,0,-0.046214208,0,0.0272492133,0.046214208,-0.0272492133,0.0802127421,-0.044628568,-0.0600313582,0.00155421277,-0.00464095594,0.001435276
1.590000,0,-0.0468686186,0,0.0270971153,0.0468686186,-0.0270971153,0.0804592073,-0.0446288548,-0.0600319989,0.00155420892,-0.00464095501,0.0014352774
1.600000,0,-0.0762603357,0,-0.0442540608,0.0762603357,0.0442540608,0.130243331,-0.0176743437,-0.0399813466,9.81725752e-05,-0.00419325801,0.00137120381
1.610000,0,-0.0830899775,0,-0.0468062349,0.0830899775,0.0468062349,0.131732687,-0.0176766291,-0.0399851426,9.81525227e-05,-0.00419326033,0.00137120776
1.620000,0,-0.0965147167,0,-0.0519513451,0.0965147167,0.0519513451,0.134805843,-0.017681215,-0.0399929583,9.81117482e-05,-0.00419326313,0.00137121603
1.630000,0,-0.106430113,0,-0.0565332919,0.106430113,0.0565332919,0.13707079,-0.0176845007,-0.0399987027,9.8082106e-05,-0.00419326406,0.0013712222
1.640000,0,-0.095359914,0,-0.0521778464,0.095359914,0.0521778464,0.13421832,-0.0176804829,-0.0399914905,9.81189514e-05,-0.00419326499,0.00137121428
1.650000,0,-0.0868903995,0,-0.0481816158,0.0868903995,0.0481816158,0.131987631,-0.0179608706,-0.0411036536,0.000104108898,-0.00488391193,0.00138258305
1.660000,0,-0.0890940428,0,-0.048734121,0.0890940428,0.048734121,0.132423341,-0.0179614481,-0.0411047488,0.00010410339,-0.00488391146,0.00138258422
1.670000,0,-0.105318733,0,-0.0551446155,0.105318733,0.0551446155,0.136464849,-0.0179666113,-0.0411148816,0.000104053353,-0.0048839068,0.00138259539
1.680000,0,-0.0977803469,0,-0.0534813702,0.0977803469,0.0534813702,0.134354129,-0.0179640204,-0.0411096066,0.000104078834,-0.00488391053,0.00138258969
1.690000,0,-0.103341691,0,-0.0588521808,0.103341691,0.0588521808,0.135678977,-0.0179655794,-0.0411129035,0.000104063278,-0.00488390774,0.00138259318
1.700000,0,-0.067926988,0,0.0110934218,0.067926988,-0.0110934218,0.0868634209,-0.0187337268,-0.0256595705,-0.000750250416,-0.00547162397,-0.000536715961
1.710000,0,-0.0737876892,0,0.0085873995,0.0737876892,-0.0085873995,0.088257052,-0.0187360141,-0.0256629661,-0.000750264444,-0.00547162723,-0.000536716077
1.720000,0,-0.0571025871,0,0.0160033256,0.0571025871,-0.0160033256,0.0843235031,-0.0187298283,-0.0256534256,-0.000750226376,-0.00547162024,-0.000536715379
1.730000,0,-0.04208491,0,0.0231127758,0.04208491,-0.0231127758,0.0807497352,-0.0187244341,-0.025644796,-0.000750192907,-0.00547161559,-0.00053671468
1.740000,0,-0.0549293198,0,0.0175576564,0.0549293198,-0.0175576564,0.0839424059,-0.0187290553,-0.0256524701,-0.000750221894,-0.00547161791,-0.000536715379
1.750000,0,-0.0521624908,0,0.0186527297,0.0521624908,-0.0186527297,0.0833133236,-0.0231899805,-0.0275330711,0.000414037233,-0.00657355133,0.0016674099
1.760000,0,-0.048098363,0,0.0202317704,0.048098363,-0.0202317704,0.0823391005,-0.0231886748,-0.0275307503,0.00041404579,-0.00657355087,0.0016674099
1.770000,0,-0.0488862954,0,0.0192636214,0.0488862954,-0.0192636214,0.0825906098,-0.0231890008,-0.0275313463,0.000414043578,-0.00657355087,0.0016674099
1.780000,0,-0.0559251942,0,0.0157636385,0.0559251942,-0.0157636385,0.0844567493,-0.023191331,-0.0275357459,0.000414027105,-0.0065735504,0.00166741048
1.790000,0,-0.0550384894,0,0.0153202405,0.0550384894,-0.0153202405,0.0842650905,-0.0231911,-0.027535297,0.000414028822,-0.0065735504,0.00166741037
1.800000,0,-0.0448830016,0,0.00316231139,0.0448830016,-0.00316231139,0.0938756242,-0.0228377879,-0.0250408947,0.000512938946,-0.00551680196,0.00198593503
1.810000,0,-0.0492297038,0,0.00156806875,0.0492297038,-0.00156806875,0.094891876,-0.0228394456,-0.0250432082,0.000512933824,-0.00551680569,0.0019859313
1.820000,0,-0.0528691225,0,0.000233667903,0.0528691225,-0.000233667903,0.0957522392,-0.0228407942,-0.0250451528,0.000512929517,-0.00551680848,0.00198592828
1.830000,0,-0.0684486553,0,-0.00785970315,0.0684486553,0.00785970315,0.099467732,-0.0228463784,-0.0250534974,0.000512910832,-0.00551681872,0.0019859164
1.840000,0,-0.0651993901,0,-0.00736570824,0.0651993901,0.00736570824,0.0986620188,-0.0228452217,-0.0250517,0.000512914849,-0.00551681686,0.00198591896
1.850000,0,-0.0676773414,0,-0.00856670458,0.0676773414,0.00856670458,0.0992641896,-0.0231529381,-0.0271814018,0.000599669642,-0.00667706085,0.00212438591
1.860000,0,-0.0630378649,0,-0.0078424057,0.0630378649,0.0078424057,0.0980902612,-0.0231514219,-0.0271788202,0.000599674997,-0.00667705853,0.00212438917
1.870000,0,-0.0933418572,0,-0.0227545649,0.0933418572,0.0227545649,0.105680749,-0.0231606755,-0.0271953959,0.00059964176,-0.00667707203,0.00212436868
1.880000,0,-0.118427403,0,-0.0329219364,0.118427403,0.0329219364,0.112002298,-0.0231679231,-0.0272090975,0.000599615218,-0.00667708134,0.00212435215
1.890000,0,-0.114074543,0,-0.0302745383,0.114074543,0.0302745383,0.110798359,-0.0231666304,-0.0272065084,0.000599620049,-0.00667707995,0.00212435517
1.900000,0,-0.113002449,0,-0.0402726345,0.113002449,0.0402726345,0.117732644,-0.00936999265,-0.0178685226,-0.000699824071,-0.0067005828,0.00189384841
1.910000,0,-0.124176718,0,-0.0458736904,0.124176718,0.0458736904,0.120203525,-0.00937401503,-0.0178736448,-0.000699827389,-0.00670059538,0.00189383398
1.920000,0,-0.124255449,0,-0.0448657647,0.124255449,0.0448657647,0.120116174,-0.00937387999,-0.017873466,-0.000699827273,-0.00670059491,0.00189383444
1.930000,0,-0.100287929,0,-0.0320001617,0.100287929,0.0320001617,0.114372313,-0.00936551951,-0.0178617761,-0.000699819706,-0.00670056883,0.00189386518
1.940000,0,-0.0869834274,0,-0.0263759978,0.0869834274,0.0263759978,0.111126028,-0.00936107617,-0.0178552326,-0.000699815457,-0.00670055486,0.00189388182
1.950000,0,-0.0875532255,0,-0.026699692,0.0875532255,0.026699692,0.111206628,-0.0107576028,-0.0189016089,-0.000340535364,-0.00723704137,0.00254766946
1.960000,0,-0.0942451954,0,-0.029623609,0.0942451954,0.029623609,0.112773575,-0.010759498,-0.0189047083,-0.000340537808,-0.00723704789,0.00254766271
1.970000,0,-0.08948192,0,-0.0268356856,0.08948192,0.0268356856,0.111526191,-0.0107580861,-0.0189022664,-0.000340535596,-0.00723704277,0.00254766759
1.980000,0,-0.0710980147,0,-0.017220296,0.0710980147,0.017220296,0.106875695,-0.0107531752,-0.0188932531,-0.000340525992,-0.00723702507,0.00254768413
1.990000,0,-0.0923504382,0,-0.0270561688,0.0923504382,0.0270561688,0.11218977,-0.0107584167,-0.0189034455,-0.000340539322,-0.00723704463,0.00254766806
2.000000,0,-0.0795220658,0,-0.0180682894,0.0795220658,0.0180682894,0.106564686,-0.0263968967,-0.0051944498,0.000910398841,-0.00643037492,0.0017790125
2.010000,0.001,-0.0791574568,0.2,0.180582985,0.0801574568,0.0194170147,0.106666155,-0.026397042,-0.00519463513,0.000910399307,-0.00643037539,0.00177901157
2.020000,0.004,-0.0834989846,0.4,0.375646383,0.0874989846,0.0243536174,0.108298451,-0.0263992641,-0.00519757951,0.000910405652,-0.0064303861,0.00177899771
2.030000,0.009,-0.0690352321,0.6,0.580531418,0.0780352321,0.0194685817,0.106054023,-0.0263963658,-0.00519357948,0.000910399016,-0.0064303712,0.00177901483
2.040000,0.016,-0.0490216017,0.8,0.786635995,0.0650216017,0.0133640051,0.102965333,-0.0263925903,-0.00518814195,0.00091039273,-0.00643035118,0.00177903567
2.050000,0.025,-0.0273269191,1,0.993145466,0.0523269191,0.00685453415,0.0999287888,-0.0255072154,-0.00493194349,0.000547227333,-0.00630481821,0.00115300855
2.060000,0.036,-0.0190258753,1.2,1.1921941,0.0550258753,0.00780589581,0.100557543,-0.0255079046,-0.00493302289,0.000547227392,-0.0063048224,0.00115300552
2.070000,0.049,0.0165093243,1.4,1.40289533,0.0324906757,-0.00289533138,0.0950992033,-0.0255022123,-0.00492376881,0.000547233678,-0.00630478607,0.00115302613
2.080000,0.064,0.048875466,1.6,1.61050332,0.015124534,-0.0105033159,0.0908713192,-0.0254980344,-0.00491669215,0.000547243399,-0.0063047572,0.001153038
2.090000,0.081,0.0714844018,1.8,1.81361759,0.00951559818,-0.0136175871,0.0895167515,-0.0254967716,-0.00491445418,0.000547247997,-0.00630474789,0.00115304056
2.100000,0.1,0.0836832225,2,1.99489868,0.0163167775,0.00510132313,0.101419896,-0.0308569893,-0.0277472176,0.000332446798,-0.00606912188,0.00205938355
2.110000,0.121,0.110960886,2.2,2.20005488,0.0100391141,-5.48839569e-05,0.100018524,-0.0308552738,-0.0277450439,0.000332431315,-0.00606910978,0.00205940101
2.120000,0.144,0.145845145,2.4,2.4074986,-0.00184514499,-0.0074985981,0.0973563269,-0.0308521707,-0.0277409777,0.000332406111,-0.00606908649,0.00205943105
2.130000,0.169,0.16720131,2.6,2.60646677,0.0017986896,-0.00646677017,0.0981996208,-0.0308531076,-0.0277422462,0.000332412688,-0.00606909394,0.00205942267
2.140000,0.196,0.183875889,2.8,2.80099225,0.0121241114,-0.000992250443,0.100576833,-0.0308556315,-0.0277457684,0.000332427066,-0.00606911536,0.00205940218
2.150000,0.225,0.210946888,3,3.0014801,0.0140531123,-0.00148010254,0.101024136,-0.0311966129,-0.0248392392,0.000605968467,-0.00489542633,0.00251822802
2.160000,0.256,0.246483922,3.2,3.20361567,0.009516078,-0.00361566544,0.0999687016,-0.0311955921,-0.024837723,0.00060596579,-0.00489541655,0.00251823408
2.170000,0.289,0.274249405,3.4,3.4006207,0.0147505953,-0.000620698929,0.101209879,-0.0311967321,-0.0248394776,0.000605966779,-0.0048954282,0.00251822872
2.180000,0.324,0.314741284,3.6,3.60213161,0.00925871634,-0.00213160515,0.0999042243,-0.0311955977,-0.0248376615,0.000605968002,-0.00489541609,0.00251823268
2.190000,0.361,0.333444595,3.8,3.79293227,0.0275554047,0.00706772804,0.104298376,-0.0311992019,-0.0248436779,0.000605956127,-0.004895458,0.002518225
2.200000,0.4,0.351145118,4,3.96082711,0.0488548815,0.0391728878,0.122356609,-0.0345192663,0.000752657419,0.000751982792,-0.0044688643,0.00317691592
2.210000,0.441,0.384878218,4.2,4.15601444,0.0561217818,0.0439855576,0.12384782,-0.0345205925,0.000750766718,0.000752012711,-0.00446888153,0.00317689031
2.220000,0.484,0.429143459,4.4,4.35484838,0.0548565414,0.0451516151,0.123471759,-0.0345202684,0.000751235115,0.00075200625,-0.00446887687,0.00317689613
2.230000,0.529,0.480306625,4.6,4.55878592,0.0486933746,0.0412140846,0.122008242,-0.0345190428,0.000753025815,0.000751985586,-0.00446885917,0.00317691523
2.240000,0.576,0.520030916,4.8,4.75233555,0.0559690843,0.0476644516,0.12353839,-0.0345202908,0.000751186744,0.000752002466,-0.0044688778,0.00317689846
2.250000,0.625,0.561939955,5,4.9494915,0.0630600452,0.0505084991,0.125022873,-0.034917932,-0.000936951605,0.000318382343,-0.00501400512,0.00256581279
2.260000,0.676,0.604305685,5.2,5.14472866,0.0716943154,0.0552713394,0.126871318,-0.0349193737,-0.000939091609,0.000318391249,-0.005014027,0.00256580091
2.270000,0.729,0.658139884,5.4,5.34518671,0.0708601155,0.0548132896,0.12655282,-0.0349191278,-0.000938729499,0.000318390783,-0.00501402328,0.00256580231
2.280000,0.784,0.717561662,5.6,5.54647541,0.0664383378,0.0535245895,0.125401407,-0.0349182338,-0.000937443925,0.000318393373,-0.00501400931,0.00256580417
2.290000,0.841,0.783223927,5.8,5.75060034,0.057776073,0.049399662,0.123255052,-0.034916535,-0.000935090589,0.00031840679,-0.0050139823,0.00256580207
2.300000,0.9,0.850259185,6,5.95842552,0.0497408152,0.0415744781,0.118919909,0.0175014678,0.0160055477,0.00297421659,-0.00587425008,0.000965327374
2.310000,0.961,0.897299886,6.2,6.15073681,0.0637001143,0.0492631912,0.121791534,0.0174997598,0.0160026848,0.00297428854,-0.00587429106,0.000965272076
2.320000,1.024,0.95378387,6.4,6.34653187,0.0702161303,0.053468132,0.123079374,0.0174989831,0.0160014275,0.00297431531,-0.00587430969,0.000965250772
2.330000,1.089,0.993457198,6.6,6.53394175,0.0955428019,0.0660582542,0.128431961,0.0174957048,0.0159963127,0.00297440565,-0.00587438839,0.000965176325
2.340000,1.156,1.05477965,6.8,6.73202324,0.101220351,0.0679767609,0.12952514,0.0174950231,0.0159952901,0.00297441985,-0.00587440468,0.000965163927
2.350000,1.225,1.13420737,7,6.93762255,0.0907926321,0.0623774529,0.12707305,0.0158306826,0.018063046,0.00247342372,-0.00530147227,0.000382452883
2.360000,1.296,1.20922923,7.2,7.13919973,0.0867707691,0.0608002663,0.126043752,0.0158313476,0.0180639625,0.0024734179,-0.00530145736,0.000382459461
2.370000,1.369,1.29491591,7.4,7.344522,0.0740840855,0.0554780006,0.123075545,0.0158332698,0.0180665459,0.00247341092,-0.00530141266,0.000382472033
2.380000,1.444,1.37844491,7.6,7.55108213,0.06555509,0.0489178658,0.121035032,0.0158345792,0.0180682801,0.00247341208,-0.00530138146,0.00038247669
2.390000,1.521,1.46282947,7.8,7.75542927,0.0581705294,0.0445707321,0.119251445,0.0158357043,0.0180697609,0.00247341814,-0.00530135352,0.000382477534
2.400000,1.6,1.50633693,8,7.9036355,0.0936630726,0.0963644981,0.146324277,-0.0211456735,-0.00499226712,0.000444783916,-0.00414637057,0.000934620097
2.410000,1.681,1.59484994,8.2,8.10680294,0.0861500559,0.0931970596,0.144569665,-0.0211449284,-0.00499098469,0.000444739126,-0.00414634123,0.000934652635
2.420000,1.764,1.67807698,8.4,8.30659771,0.0859230175,0.0934022903,0.144327089,-0.0211448278,-0.00499081239,0.000444733683,-0.00414633704,0.000934656651
2.430000,1.849,1.76496661,8.6,8.50679684,0.0840333929,0.0932031631,0.143732071,-0.0211445875,-0.00499040168,0.0004447221,-0.0041463268,0.000934665382
2.440000,1.936,1.86392415,8.8,8.71333694,0.0720758543,0.0866630554,0.141000301,-0.0211435109,-0.0049885693,0.00044467696,-0.00414627837,0.000934700132
2.450000,2.025,1.94768262,9,8.90982628,0.0773173809,0.0901737213,0.141935199,-0.0209400896,-0.00302805798,0.000448280596,-0.00370952813,0.000941869861
2.460000,2.116,2.04150891,9.2,9.11034584,0.074491087,0.0896541595,0.14113152,-0.0209397972,-0.0030275539,0.00044827172,-0.00370951416,0.000941877079
2.470000,2.209,2.13317204,9.4,9.31080914,0.0758279648,0.0891908646,0.141227722,-0.0209398307,-0.00302761234,0.000448272505,-0.00370951579,0.00094187638
2.480000,2.304,2.23130774,9.6,9.51355076,0.072692255,0.0864492416,0.140349284,-0.0209395401,-0.00302709476,0.000448267499,-0.00370949996,0.000941881211
2.490000,2.401,2.32360458,9.8,9.71092319,0.0773954163,0.0890768051,0.141192332,-0.0209397972,-0.00302757556,0.000448270264,-0.00370951532,0.000941877894
2.500000,2.5,2.40766835,10,9.89521503,0.0923316479,0.104784966,0.148948193,-0.0130625376,-0.00405410118,0.000542024325,-0.00341453194,0.000382157334
2.510000,2.601,2.50822759,10.2,10.0940542,0.0927724133,0.105945778,0.148824349,-0.013062506,-0.00405404111,0.000542020774,-0.00341452961,0.000382159749
2.520000,2.704,2.60719824,10.4,10.2923746,0.0968017616,0.107625389,0.149427146,-0.0130626429,-0.00405432191,0.000542036316,-0.00341454148,0.000382149039
2.530000,2.809,2.7100203,10.6,10.4913177,0.0989796963,0.108682251,0.149651974,-0.0130626867,-0.00405442249,0.000542041496,-0.00341454591,0.00038214543
2.540000,2.916,2.82689261,10.8,10.6949625,0.0891073856,0.105037498,0.147391841,-0.0130623272,-0.00405345252,0.000541994872,-0.00341450004,0.000382178114
2.550000,3.025,2.93346,11,10.8935127,0.0915400028,0.106487274,0.147681892,-0.0120898485,-0.00465997169,0.000683916733,-0.00353369676,0.000514243147
2.560000,3.136,3.04270267,11.2,11.0907269,0.0932973251,0.109273148,0.147824019,-0.0120898606,-0.00466002664,0.000683919003,-0.00353369955,0.000514241576
2.570000,3.249,3.15115881,11.4,11.2901468,0.0978411903,0.109853172,0.1485513,-0.0120898969,-0.00466029579,0.000683928898,-0.00353371399,0.000514234474
2.580000,3.364,3.25613737,11.6,11.4862165,0.107862629,0.113783455,0.150441363,-0.0120899249,-0.00466096215,0.000683950377,-0.00353375217,0.000514218758
2.590000,3.481,3.36842942,11.8,11.6839104,0.112570578,0.11608963,0.151201636,-0.01208991,-0.00466121733,0.000683957362,-0.00353376777,0.00051421352
2.600000,3.6,3.47751141,12,11.8809566,0.122488594,0.11904335,0.152135968,0.013684202,0.00373366429,0.00176612847,-0.00322987069,-0.000110775982
2.610000,3.721,3.58986545,12.2,12.0771809,0.131134554,0.122819138,0.153597757,0.0136841573,0.00373328128,0.00176617457,-0.00322990213,-0.000110805981
2.620000,3.844,3.71322179,12.4,12.2781658,0.130778212,0.121834183,0.153285071,0.0136841517,0.00373335788,0.00176616549,-0.00322989537,-0.000110800022
2.630000,3.969,3.85808229,12.6,12.4877481,0.110917706,0.112251854,0.149092734,0.0136838574,0.00373431342,0.00176605175,-0.00322980341,-0.000110725756
2.640000,4.096,3.99242258,12.8,12.6929283,0.103577419,0.107071686,0.14739953,0.0136836516,0.00373467081,0.00176600914,-0.00322976592,-0.000110697925
2.650000,4.225,4.11414242,13,12.8883095,0.110857582,0.111690521,0.148659647,0.0160317775,0.00411303295,0.00204376131,-0.0031778533,0.000130078639
2.660000,4.356,4.2527113,13.2,13.0942097,0.103288704,0.105790329,0.14689979,0.0160313752,0.00411333283,0.00204372313,-0.00317781605,0.000130103319
2.670000,4.489,4.37932014,13.4,13.2919426,0.109679855,0.108057404,0.147988379,0.0160316844,0.00411316473,0.00204374501,-0.00317783933,0.00013008916
2.680000,4.624,4.51935959,13.6,13.4956427,0.104640411,0.104357338,0.146732658,0.0160312522,0.00411333889,0.0020437215,-0.00317781232,0.000130104367
2.690000,4.761,4.65220213,13.8,13.6913872,0.108797871,0.108612823,0.147372901,0.0160315149,0.00411326019,0.00204373291,-0.00317782629,0.000130097105
2.700000,4.9,4.7752943,14,13.8728275,0.124705696,0.12717247,0.155688375,0.0541008227,0.0172328316,0.0038139075,-0.00325375679,-0.00067035947
2.710000,5.041,4.90428972,14.2,14.0676794,0.136710278,0.132320595,0.15773502,0.0541012511,0.0172327086,0.00381397782,-0.00325380336,-0.000670403359
2.720000,5.184,5.04962349,14.4,14.2686214,0.134376511,0.131378555,0.157032341,0.0541010499,0.0172327403,0.00381395454,-0.00325378729,-0.000670388807
2.730000,5.329,5.18425179,14.6,14.4635401,0.144748215,0.136459923,0.158781439,0.0541016869,0.0172326881,0.00381401111,-0.0032538278,-0.000670423906
2.740000,5.476,5.34596109,14.8,14.6713476,0.130038906,0.128652382,0.155656859,0.0541003272,0.0172327347,0.00381391263,-0.00325375469,-0.000670362962
2.750000,5.625,5.4882946,15,14.8686514,0.136705399,0.13134861,0.156731144,0.058920268,0.0192075204,0.00434098812,-0.00298996177,-0.000235370331
2.760000,5.776,5.62983322,15.2,15.0622387,0.146166779,0.137761307,0.158331618,0.0589211956,0.0192075577,0.00434103701,-0.00298999785,-0.000235400134
2.770000,5.929,5.77340364,15.4,15.2563515,0.155596355,0.143648529,0.159922883,0.0589222349,0.0192076154,0.00434108544,-0.00299003418,-0.00023542947
2.780000,6.084,5.9232316,15.6,15.4529915,0.160768398,0.147008514,0.160664707,0.0589227751,0.0192076527,0.00434110826,-0.00299005117,-0.000235443091
2.790000,6.241,6.07269526,15.8,15.6492577,0.168304745,0.15074234,0.161877558,0.0589237437,0.019207729,0.00434114551,-0.00299007935,-0.000235465355
2.800000,6.4,6.28035021,16,15.9056063,0.119649792,0.0943937302,0.135117933,0.0396844633,0.0104946792,0.00321635883,-0.00304487045,-0.000200599257
2.810000,6.561,6.44826651,16.2,16.108263,0.112733494,0.0917369843,0.133660063,0.0396835171,0.0104944957,0.00321629806,-0.00304483599,-0.000200562994
2.820000,6.724,6.61411858,16.4,16.3093491,0.109881424,0.0906509399,0.13295643,0.0396830142,0.0104943989,0.00321626873,-0.00304481923,-0.000200545546
2.830000,6.889,6.78044033,16.6,16.5107327,0.108559669,0.0892673492,0.132538781,0.0396826901,0.0104943356,0.00321625127,-0.00304480921,-0.000200535185
2.840000,7.056,6.96165514,16.8,16.7179775,0.0943448601,0.0820224762,0.129688218,0.039680291,0.0104938708,0.00321613159,-0.00304474006,-0.000200464245
2.850000,7.225,7.13905048,17,16.9236069,0.0859495163,0.0763931274,0.127937689,0.0391787849,0.00986455288,0.0031664609,-0.00312272273,-0.000239850153
2.860000,7.396,7.31113243,17.2,17.122736,0.084867569,0.0772640228,0.127583891,0.0391784459,0.00986448303,0.00316644576,-0.00312271458,-0.000239841276
2.870000,7.569,7.48927736,17.4,17.3248253,0.0797226372,0.0751747131,0.126448095,0.0391772836,0.00986424461,0.0031663964,-0.00312268781,-0.000239812449
2.880000,7.744,7.66002703,17.6,17.5205441,0.0839729729,0.0794559479,0.127120212,0.0391780138,0.00986439362,0.00316642621,-0.00312270387,-0.000239829766
2.890000,7.921,7.85110188,17.8,17.728651,0.0698981247,0.0713489532,0.124239497,0.0391746983,0.00986372121,0.00316629605,-0.00312263472,-0.000239754125
2.900000,8.1,8.07383633,18,17.9833298,0.0261636734,0.0166702271,0.0990948156,0.0402493998,0.000167010585,0.00326314312,-0.00352817541,-0.000225757089
2.910000,8.281,8.26078224,18.2,18.1848373,0.0202177582,0.0151626587,0.0979927182,0.040248286,0.000166691185,0.00326308631,-0.00352814863,-0.000225724187
2.920000,8.464,8.44681358,18.4,18.3853912,0.0171864166,0.0146087646,0.097415328,0.0402476639,0.000166517391,0.00326305605,-0.00352813443,-0.000225706666
2.930000,8.649,8.64509201,18.6,18.5925713,0.0039079895,0.00742874146,0.0949712321,0.0402448699,0.000165755133,0.00326292543,-0.00352807413,-0.000225631142
2.940000,8.836,8.82988071,18.8,18.7931404,0.00611928558,0.00685958862,0.095363915,0.0402453467,0.000165881807,0.00326294685,-0.00352808391,-0.00022564354
2.950000,9.025,9.03077221,19,18.9987106,-0.00577220917,0.00128936768,0.0931747109,0.0422149822,0.0030383144,0.00345470826,-0.00320610893,-7.80345872e-05
2.960000,9.216,9.21727371,19.2,19.1963921,-0.00127371216,0.00360794067,0.0940045118,0.0422161035,0.0030386101,0.00345475599,-0.00320612895,-7.80619157e-05
2.970000,9.409,9.41698933,19.4,19.3997612,-0.00798932648,0.000238800049,0.0927493125,0.0422143228,0.00303814979,0.00345468172,-0.00320609845,-7.80195041e-05
2.980000,9.604,9.61783695,19.6,19.6027393,-0.0138369522,-0.00273933411,0.0916564316,0.0422126986,0.00303773745,0.00345461513,-0.00320607168,-7.798156e-05
2.990000,9.801,9.81878662,19.8,19.8027668,-0.0177866211,-0.00276679993,0.0909184813,0.0422115549,0.00303745153,0.0034545688,-0.00320605352,-7.79552065e-05
3.000000,10,10.0345259,20,20.0222054,-0.0345258713,-0.0222053528,0.0822077021,0.0328757875,0.00357703934,0.00303807831,-0.0035130824,0.000451849657
3.010000,10.201,10.2338915,20.2,20.2205906,-0.0328914871,-0.0205905914,0.0825317577,0.0328762308,0.003577183,0.0030380988,-0.00351309031,0.000451838016
3.020000,10.404,10.4167805,20.4,20.41012,-0.0127804718,-0.0101200104,0.0861045718,0.0328813642,0.00357880094,0.0030383307,-0.00351317925,0.000451706379
3.030000,10.609,10.6215754,20.6,20.6110363,-0.0125753555,-0.0110363007,0.0861596391,0.0328814462,0.00357882632,0.00303833443,-0.00351318065,0.000451704283
3.040000,10.816,10.8055372,20.8,20.798769,0.0104627762,0.00123100281,0.0902715325,0.0328879207,0.00358076836,0.00303861732,-0.00351328496,0.000451544125
3.050000,11.025,11.0094728,21,20.9958382,0.015527153,0.00416183472,0.0911826193,0.0341714099,0.0059996238,0.00316290674,-0.00326555478,0.000544915441
3.060000,11.236,11.2198963,21.2,21.1962471,0.0161036835,0.00375289917,0.0912791416,0.0341715738,0.00599967269,0.00316291372,-0.00326555711,0.000544911483
3.070000,11.449,11.4459715,21.4,21.4020119,0.00302851105,-0.00201187134,0.0889153853,0.0341673642,0.00599845499,0.00316273561,-0.0032654989,0.000545011484
3.080000,11.664,11.6545763,21.6,21.5993977,0.00942369843,0.000602340698,0.0900772512,0.0341695063,0.005999065,0.00316282571,-0.00326552778,0.00054496096
3.090000,11.881,11.8642187,21.8,21.7948303,0.0167812881,0.00516967773,0.091412954,0.0341720544,0.00599977886,0.00316293235,-0.0032655613,0.000544901181
3.100000,12.1,12.0817719,22,21.992857,0.0182281494,0.00714302063,0.091616936,0.00952770561,0.00982228108,0.00155290798,-0.00373066007,0.0012041895
3.110000,12.321,12.2885313,22.2,22.1864033,0.0324686966,0.0135967255,0.0942154825,0.00953321904,0.00982397795,0.00155314256,-0.00373072852,0.00120405876
3.120000,12.544,12.5185852,22.4,22.3902798,0.0254147949,0.0097202301,0.0928921625,0.00953033939,0.0098231025,0.00155302079,-0.0037306936,0.00120412663
3.130000,12.769,12.7562981,22.6,22.5967579,0.0127019348,0.00324211121,0.0905247852,0.00952505972,0.00982151739,0.00155279867,-0.0037306305,0.00120425038
3.140000,12.996,12.9656591,22.8,22.7872543,0.0303408585,0.0127456665,0.0937902927,0.0095325131,0.00982373022,0.00155311078,-0.00373071805,0.00120407657
3.150000,13.225,13.1784706,23,22.9776497,0.0465293884,0.0223503113,0.0967784375,0.00784661528,0.0125837717,0.00140019599,-0.0034635081,0.00110368745
3.160000,13.456,13.412343,23.2,23.1794891,0.0436569748,0.0205108643,0.0962001979,0.00784523692,0.0125833629,0.0014001386,-0.00346349319,0.00110371923
3.170000,13.689,13.6451063,23.4,23.3786163,0.0438936844,0.021383667,0.0962053984,0.00784524996,0.0125833666,0.00140013918,-0.00346349343,0.001103719
3.180000,13.924,13.8720903,23.6,23.5753918,0.0519096603,0.0246082306,0.0976737663,0.00784888119,0.0125844274,0.00140028959,-0.00346353208,0.00110363576
3.190000,14.161,14.0992193,23.8,23.7707939,0.0617806778,0.0292060852,0.0994906127,0.00785344932,0.0125857545,0.00140047853,-0.00346358027,0.00110353122
3.200000,14.4,14.3598356,24,23.9879017,0.0401643753,0.0120983124,0.0928925872,0.0212854538,0.0308998041,0.00232202024,-0.00348434341,0.000259130873
3.210000,14.641,14.612731,24.2,24.1938343,0.0282690201,0.00616569519,0.0907742381,0.021280637,0.030898165,0.00232181582,-0.00348428846,0.000259243592
3.220000,14.884,14.8500986,24.4,24.3904591,0.0339013901,0.00954093933,0.0917593762,0.0212829169,0.0308989342,0.00232191221,-0.00348431431,0.000259190419
3.230000,15.129,15.0823822,24.6,24.5839348,0.0466177979,0.0160652161,0.0940008685,0.0212881975,0.0309007,0.00232213503,-0.00348437368,0.00025906763
3.240000,15.376,15.3233519,24.8,24.7794266,0.05264814,0.0205734253,0.0950458199,0.0212907027,0.0309015308,0.0023222405,-0.00348440162,0.00025900951
3.250000,15.625,15.56182,25,24.974577,0.0631799698,0.0254230499,0.09689264,0.0188295078,0.0351130813,0.00210415479,-0.0031068041,0.000121701625
3.260000,15.876,15.8099804,25.2,25.173008,0.0660196075,0.0269920349,0.0973563567,0.018830657,0.035113465,0.00210420322,-0.00310681597,0.000121675075
3.270000,16.129,16.0627174,25.4,25.3708801,0.0662825623,0.029119873,0.0973531678,0.0188306496,0.0351134613,0.00210420298,-0.00310681597,0.000121675257
3.280000,16.384,16.315794,25.6,25.5687332,0.0682060089,0.0312667847,0.0976466089,0.0188313983,0.0351137072,0.00210423465,-0.00310682366,0.000121657904
3.290000,16.641,16.5701542,25.8,25.7662945,0.0708458099,0.0337055206,0.0980670899,0.018832488,0.0351140611,0.00210428075,-0.00310683483,0.000121632605
3.300000,16.9,16.8533993,26,25.9973202,0.0466007233,0.00267982483,0.0854980871,-0.00110725581,0.0369525291,0.000395243114,-0.00300708786,0.0011046743
3.310000,17.161,17.1275368,26.2,26.2033157,0.0334632263,-0.00331573486,0.0832630768,-0.00111251196,0.0369505361,0.000395021372,-0.00300703058,0.00110479549
3.320000,17.424,17.3951283,26.4,26.4036579,0.0288717499,-0.00365791321,0.0824849457,-0.0011143717,0.0369498357,0.00039494285,-0.00300701032,0.00110483845
3.330000,17.689,17.6434612,26.6,26.5936356,0.0455387726,0.00636444092,0.0853388458,-0.00110744569,0.0369524173,0.000395235547,-0.00300708506,0.00110467849
3.340000,17.956,17.917347,26.8,26.7975254,0.0386530457,0.00247459412,0.0841471329,-0.00111038215,0.0369513333,0.000395111361,-0.0030070534,0.00110474636
3.350000,18.225,18.1726799,27,26.9892712,0.0523200989,0.0107288361,0.0864817575,-0.00432193931,0.0361924805,0.000118025593,-0.00306352112,0.000932067691
3.360000,18.496,18.4534817,27.2,27.196022,0.0425183258,0.00397796631,0.0847725645,-0.00432627508,0.0361908749,0.000117841708,-0.00306347734,0.00093216775
3.370000,18.769,18.7392273,27.4,27.4031124,0.0297727051,-0.0031124115,0.0825588182,-0.00433196686,0.0361887813,0.000117600066,-0.00306342007,0.000932299241
3.380000,19.044,19.0099449,27.6,27.6005306,0.0340550842,-0.00053062439,0.083307676,-0.00433001574,0.0361894928,0.000117682976,-0.00306343962,0.00093225413
3.390000,19.321,19.288763,27.8,27.8016949,0.0322369537,-0.00169487,0.0829922408,-0.00433084834,0.036189191,0.000117647556,-0.00306343124,0.000932273397
3.400000,19.6,19.5374374,28,27.9706593,0.062562561,0.029340744,0.0952556059,0.00399270793,0.0368705653,0.000956000411,-0.00317443185,0.000746632577
3.410000,19.881,19.8038025,28.2,28.1619282,0.0771975098,0.0380718231,0.0976017416,0.00399835082,0.0368729308,0.000956240692,-0.00317449099,0.000746502308
3.420000,20.164,20.0799675,28.4,28.3566132,0.0840325012,0.0433868408,0.0986600816,0.00400093244,0.0368740037,0.000956350472,-0.003174518,0.00074644282
3.430000,20.449,20.3731976,28.6,28.5602322,0.0758024445,0.0397678375,0.0972318202,0.00399740133,0.0368725508,0.000956200529,-0.00317448121,0.000746524136
3.440000,20.736,20.6577263,28.8,28.7589684,0.0782737122,0.0410316467,0.0975746438,0.00399825908,0.036872901,0.000956236967,-0.00317449006,0.000746504404
3.450000,21.025,20.9613895,29,28.9678574,0.0636104584,0.0321426392,0.0950661749,0.00263151596,0.0339061208,0.000839226006,-0.00340132019,0.000675594376
3.460000,21.316,21.25103,29.2,29.1677952,0.0649700317,0.0322048187,0.0952393562,0.00263195881,0.0339063033,0.000839244865,-0.00340132462,0.00067558419
3.470000,21.609,21.5476589,29.4,29.3688698,0.0613410797,0.0311302185,0.0945795849,0.00263025635,0.0339056067,0.000839172164,-0.00340130785,0.000675623422
3.480000,21.904,21.8362808,29.6,29.5665131,0.0677191772,0.0334869385,0.09559495,0.00263289874,0.0339066833,0.000839285261,-0.00340133416,0.000675562304
3.490000,22.201,22.1329441,29.8,29.7659512,0.0680558929,0.0340488434,0.09559495,0.00263289874,0.0339066833,0.000839285261,-0.00340133416,0.000675562304
3.500000,22.5,22.4353104,30,29.9638081,0.0646896362,0.0361919403,0.0965068117,-0.000961807033,0.0320568159,0.000175121662,-0.00324314996,0.00140714506
3.510000,22.801,22.7255421,30.2,30.1591625,0.0754579315,0.0408374786,0.0981512889,-0.000957754964,0.0320586488,0.000175290887,-0.0032431914,0.0014070539
3.520000,23.104,23.0298481,30.4,30.3609028,0.0741519012,0.0390972137,0.0978803635,-0.000958428893,0.032058347,0.000175262714,-0.00324318442,0.00140706904
3.530000,23.409,23.3244972,30.6,30.5559578,0.0845027771,0.0440422058,0.0994641483,-0.000954450399,0.0320601277,0.000175429072,-0.00324322516,0.00140697951
3.540000,23.716,23.6413784,30.8,30.7625999,0.0746215973,0.0374000549,0.0978194773,-0.000958624179,0.0320582688,0.000175254521,-0.00324318255,0.00140707346
3.550000,24.025,23.9482288,31,30.9626007,0.0767711639,0.037399292,0.0980828106,-0.00426267646,0.0268445406,-0.000110971312,-0.00361797074,0.00124304451
3.560000,24.336,24.2538757,31.2,31.1602859,0.0821242676,0.0397140503,0.0988813266,-0.00426060567,0.0268454645,-0.000110884685,-0.00361799099,0.00124299806
3.570000,24.649,24.5679569,31.4,31.361517,0.0810430756,0.0384830475,0.0986439139,-0.00426122779,0.0268451888,-0.000110910703,-0.00361798494,0.00124301203
3.580000,24.964,24.880621,31.6,31.5601578,0.0833790436,0.0398422241,0.0989580825,-0.00426039658,0.0268455558,-0.000110875946,-0.00361799309,0.0012429934
3.590000,25.281,25.202219,31.8,31.7631874,0.0787809906,0.0368125916,0.098150596,-0.00426255446,0.0268446095,-0.000110966132,-0.0036179719,0.00124304183
3.600000,25.6,25.5302563,32,31.9741554,0.0697437286,0.025844574,0.0949703828,-0.0180197228,0.031738583,-0.00195969059,-0.00315507688,0.00151345285
3.610000,25.921,25.8487644,32.2,32.1740532,0.0722355804,0.0259468079,0.0953121036,-0.0180188715,0.0317390002,-0.0019596559,-0.00315508549,0.00151343422
3.620000,26.244,26.1604309,32.4,32.3695335,0.0835690918,0.0304664612,0.0970082879,-0.0180145986,0.0317410789,-0.00195948221,-0.00315512833,0.00151334133
3.630000,26.569,26.4820213,32.6,32.5683174,0.0869786682,0.0316825867,0.0974852368,-0.0180133842,0.0317416675,-0.00195943308,-0.00315514067,0.00151331502
3.640000,26.896,26.8213081,32.8,32.7747307,0.074691864,0.0252693176,0.0955445319,-0.0180183854,0.0317392722,-0.00195963425,-0.00315509015,0.00151342258
3.650000,27.225,27.1520481,33,32.9745178,0.072951889,0.0254821777,0.0952361226,-0.0212507099,0.0368202329,-0.00224253023,-0.00279866811,0.00136343681
3.660000,27.556,27.4860325,33.2,33.1775246,0.069967514,0.0224754333,0.0947357044,-0.0212520324,0.0368195996,-0.00224258285,-0.0027986553,0.00136346486
3.670000,27.889,27.8231506,33.4,33.3818855,0.0658493652,0.0181144714,0.0940633416,-0.0212538335,0.0368187465,-0.00224265386,-0.00279863784,0.0013635027
3.680000,28.224,28.1515656,33.6,33.5782928,0.0724344482,0.0217071533,0.0950598642,-0.021251129,0.0368200131,-0.00224254816,-0.00279866392,0.00136344635
3.690000,28.561,28.4819698,33.8,33.7739182,0.0790301666,0.0260818481,0.0960542113,-0.0212483946,0.0368212797,-0.00224244222,-0.00279869046,0.00136338989
3.700000,28.9,28.8041687,34,33.9531708,0.0958312988,0.0468292236,0.103768662,-0.0299692079,0.0315206163,-0.00373810926,-0.00269477791,0.00166782248
3.710000,29.241,29.1456509,34.2,34.1533012,0.0953491364,0.046698761,0.103628002,-0.0299695581,0.03152043,-0.00373812299,-0.00269477442,0.0016678297
3.720000,29.584,29.5024433,34.4,34.3617401,0.0815566864,0.0382598877,0.101517707,-0.0299749132,0.0315176249,-0.00373832788,-0.00269472087,0.00166793854
3.730000,29.929,29.8594208,34.6,34.5680771,0.0695792236,0.0319229126,0.0996824577,-0.0299796462,0.0315151773,-0.003738506,-0.0026946736,0.00166803319
3.740000,30.276,30.1927891,34.8,34.7607727,0.0832109222,0.0392272949,0.101663925,-0.029974455,0.031517826,-0.00373831391,-0.00269472552,0.00166793121
3.750000,30.625,30.5274811,35,34.9524155,0.0975189209,0.0475845337,0.103742175,-0.0314820409,0.0344765559,-0.00387259922,-0.00249830936,0.00159973779
3.760000,30.976,30.887867,35.2,35.1571617,0.0881330261,0.0428382874,0.102265768,-0.0314860232,0.0344745442,-0.00387274148,-0.00249827141,0.00159981311
3.770000,31.329,31.2426643,35.4,35.3584023,0.0863356628,0.0415977478,0.101932019,-0.0314869359,0.0344740897,-0.00387277338,-0.00249826279,0.00159983011
3.780000,31.684,31.6007366,35.6,35.5596886,0.083263382,0.0403114319,0.101407215,-0.0314883925,0.0344733708,-0.00387282344,-0.00249824882,0.00159985665
3.790000,32.041,31.9519176,35.8,35.7571907,0.0890823517,0.0428092957,0.102223866,-0.031486094,0.0344744921,-0.0038727459,-0.00249827071,0.00159981567
3.800000,32.4,32.3288536,36,35.9710999,0.0711463928,0.0289001465,0.0970406011,-0.0318865106,0.0334110036,-0.00356249255,-0.00197603065,0.00136874989
3.810000,32.761,32.6865654,36.2,36.1695595,0.0744346008,0.0304405212,0.0974691361,-0.0318854116,0.0334116146,-0.00356245437,-0.00197604136,0.00136872975
3.820000,33.124,33.0476227,36.4,36.3679771,0.0763773193,0.0320228577,0.0977029726,-0.0318848006,0.0334119499,-0.00356243388,-0.00197604741,0.00136871892
3.830000,33.489,33.427372,36.6,36.5755463,0.0616280212,0.0244537354,0.0955370218,-0.0318905301,0.0334088542,-0.00356262131,-0.00197599106,0.00136881776
3.840000,33.856,33.786972,36.8,36.77174,0.0690279541,0.0282600403,0.0965683162,-0.0318877622,0.0334103294,-0.00356253353,-0.00197601831,0.00136877142
3.850000,34.225,34.1608658,37,36.9744263,0.0641342163,0.0255737305,0.095829457,-0.0314444862,0.0373040773,-0.00352431717,-0.00173254975,0.00138320785
3.860000,34.596,34.5412903,37.2,37.1803474,0.0547097168,0.0196525574,0.0944282413,-0.0314483531,0.0373020396,-0.00352443266,-0.00173251342,0.00138326862
3.870000,34.969,34.9178276,37.4,37.3825493,0.0511723938,0.0174507141,0.0938866809,-0.0314498655,0.0373012498,-0.00352447643,-0.00173249911,0.00138329167
3.880000,35.344,35.2861099,37.6,37.580349,0.0578900757,0.0196510315,0.0948395506,-0.0314471684,0.0373026393,-0.00352440076,-0.0017325246,0.00138325198
3.890000,35.721,35.6652794,37.8,37.7806358,0.0557206116,0.0193641663,0.094494313,-0.0314481594,0.0373021364,-0.00352442754,-0.00173251529,0.00138326606
3.900000,36.1,36.0687027,38,38.0051346,0.0312973022,-0.00513458252,0.0850351825,-0.0360999629,0.0347758569,-0.0042813071,-0.00158609531,0.00137329684
3.910000,36.481,36.4568901,38.2,38.2095757,0.0241098938,-0.00957565308,0.0840470567,-0.0361025855,0.034774363,-0.00428138115,-0.0015860704,0.00137333572
3.920000,36.864,36.8403625,38.4,38.4083595,0.0236374512,-0.00835952759,0.0839935839,-0.0361027308,0.0347742811,-0.00428138487,-0.001586069,0.00137333781
3.930000,37.249,37.2166519,38.6,38.6042633,0.0323480835,-0.00426330566,0.0852188617,-0.0360993743,0.03477614,-0.00428129779,-0.00158610079,0.0013732923
3.940000,37.636,37.6038055,38.8,38.8054962,0.032194458,-0.00549621582,0.0852046236,-0.0360994153,0.0347761177,-0.00428129872,-0.00158610044,0.00137329276
3.950000,38.025,37.9787025,39,38.9960861,0.0462974548,0.00391387939,0.0871915221,-0.0338871367,0.0355693251,-0.00408208417,-0.00154157565,0.00145523588
3.960000,38.416,38.3798561,39.2,39.2015076,0.0361438904,-0.00150756836,0.0857625529,-0.0338912345,0.0355671234,-0.00408217637,-0.00154153875,0.00145528407
3.970000,38.809,38.7710762,39.4,39.3994598,0.0379237976,0.000540161133,0.0860141963,-0.0338905007,0.0355675109,-0.00408216054,-0.00154154538,0.00145527592
3.980000,39.204,39.1587067,39.6,39.5971413,0.045293335,0.00285873413,0.0870525613,-0.033887431,0.0355691127,-0.00408209814,-0.00154157286,0.00145524344
3.990000,39.601,39.5536156,39.8,39.7956886,0.0473844299,0.00431137085,0.0873438269,-0.0338865556,0.0355695635,-0.00408208137,-0.00154158066,0.00145523471
4.000000,40,39.9660568,40,40.0070267,0.0339431763,-0.00702667236,0.0836116746,-0.0324460827,0.038257543,-0.00293494505,-0.00131198962,0.0010675739
4.010000,40.401,40.3607635,40.2,40.203434,0.0402364502,-0.00343399048,0.0844666958,-0.0324436948,0.0382589027,-0.00293489569,-0.00131201115,0.00106754829
4.020000,40.804,40.7530518,40.4,40.3976784,0.0509482422,0.00232162476,0.0859147832,-0.0324395895,0.038261205,-0.00293481606,-0.00131204806,0.00106750696
4.030000,41.209,41.1497612,40.6,40.593441,0.0592388,0.00655899048,0.0870314613,-0.0324363746,0.0382629819,-0.00293475785,-0.00131207693,0.00106747681
4.040000,41.616,41.5621986,40.8,40.7959824,0.0538013611,0.00401763916,0.0862860307,-0.0324385539,0.0382617973,-0.00293479464,-0.00131205749,0.00106749579
4.050000,42.025,41.9778671,41,41.0005531,0.0471328735,-0.000553131104,0.0853914768,-0.0305002648,0.0429036655,-0.00274619437,-0.00104764034,0.00113570667
4.060000,42.436,42.3855438,41.2,41.1991501,0.0504561768,0.000849914551,0.0858440474,-0.0304989014,0.0429043956,-0.00274617458,-0.00104765198,0.00113569642
4.070000,42.849,42.8092346,41.4,41.4035492,0.0397653809,-0.00354919434,0.0843848884,-0.0305033643,0.042902045,-0.00274623465,-0.00104761415,0.00113572727
4.080000,43.264,43.22369,41.6,41.603817,0.040309967,-0.00381698608,0.0844647065,-0.0305031165,0.0429021753,-0.00274623162,-0.00104761624,0.00113572576
4.090000,43.681,43.6559982,41.8,41.8116074,0.02500177,-0.0116073608,0.0823749229,-0.0305096861,0.0428988077,-0.00274630589,-0.00104756071,0.0011357636
4.100000,44.1,44.0547333,42,41.989048,0.0452667236,0.0109519958,0.0910971239,-0.0273354035,0.036893893,-0.0043681697,-0.00110172993,0.00192555238
4.110000,44.521,44.4799423,42.2,42.18964,0.0410576782,0.0103599548,0.090532504,-0.0273370743,0.036892958,-0.00436819065,-0.00110171596,0.00192556297
4.120000,44.944,44.9010506,42.4,42.3884048,0.0429494324,0.0115951538,0.0907664672,-0.0273363721,0.0368933454,-0.00436818274,-0.00110172178,0.00192555902
4.130000,45.369,45.3117981,42.6,42.5829239,0.0572019043,0.0170761108,0.0926209018,-0.0273307245,0.0368964151,-0.00436812686,-0.00110176869,0.00192553061
4.140000,45.796,45.7407417,42.8,42.7830162,0.0552582703,0.0169837952,0.092342861,-0.0273315832,0.0368959531,-0.00436813431,-0.00110176159,0.00192553434
4.150000,46.225,46.1741409,43,42.9861717,0.0508590698,0.0138282776,0.0917647406,-0.0218357611,0.0414810181,-0.00381843792,-0.000854824088,0.00211344752
4.160000,46.656,46.6164932,43.2,43.1909027,0.0395067749,0.00909729004,0.0902478546,-0.0218405742,0.0414784774,-0.00381846819,-0.000854786369,0.00211346243
4.170000,47.089,47.0502167,43.4,43.3899574,0.0387833252,0.010042572,0.0901388526,-0.0218409244,0.0414782949,-0.00381847005,-0.000854783633,0.00211346336
4.180000,47.524,47.4777679,43.6,43.5849228,0.0462320557,0.0150772095,0.09111128,-0.021837756,0.0414799228,-0.00381845771,-0.000854808255,0.00211345754
4.190000,47.961,47.892067,43.8,43.7727432,0.0689330444,0.0272567749,0.0941044986,-0.0218278691,0.0414849371,-0.00381843024,-0.000854884682,0.0021134452
4.200000,48.4,48.3084984,44,43.9517097,0.0915016174,0.0482902527,0.100413665,-0.0167305972,0.0458477065,-0.00524291582,-0.000680837373,0.00287504657
4.210000,48.841,48.7491913,44.2,44.1522179,0.0918087158,0.047782135,0.100392103,-0.0167306643,0.0458476692,-0.00524291629,-0.000680836849,0.0028750468
4.220000,49.284,49.1809196,44.4,44.3485794,0.103080353,0.0514205933,0.101764567,-0.0167263169,0.0458500236,-0.00524290279,-0.000680869853,0.00287504052
4.230000,49.729,49.6285934,44.6,44.5472183,0.100406555,0.0527816772,0.101356581,-0.0167276282,0.0458493233,-0.00524290511,-0.000680859957,0.00287504145
4.240000,50.176,50.0807495,44.8,44.750576,0.0952504883,0.0494239807,0.100631565,-0.0167299919,0.0458480828,-0.00524290605,-0.000680842204,0.00287504145
4.250000,50.625,50.5302353,45,44.9491959,0.0947647095,0.0508041382,0.100512072,-0.0170819648,0.0495410338,-0.00526764244,-0.000484417746,0.00286546047
4.260000,51.076,50.9704475,45.2,45.1443214,0.10555246,0.0556785583,0.101829864,-0.0170775447,0.0495433137,-0.00526765268,-0.00048444912,0.00286546675
4.270000,51.529,51.4260063,45.4,45.3446312,0.102993683,0.0553688049,0.101429179,-0.0170789082,0.0495426208,-0.00526764756,-0.000484439515,0.00286546396
4.280000,51.984,51.8640633,45.6,45.5370026,0.119936737,0.0629974365,0.103538483,-0.0170716234,0.0495462641,-0.00526768342,-0.000484490447,0.00286548422
4.290000,52.441,52.3159676,45.8,45.7334061,0.12503244,0.0665939331,0.104113467,-0.017069608,0.049547255,-0.00526769599,-0.000484504417,0.0028654912
4.300000,52.9,52.7830963,46,45.9410362,0.116903687,0.0589637756,0.101747498,-0.025455419,0.0493587069,-0.0037381947,-0.000255895604,0.00200818968
4.310000,53.361,53.2462006,46.2,46.1418304,0.114799438,0.0581695557,0.101415046,-0.0254565123,0.0493581221,-0.00373819051,-0.000255888037,0.00200818735
4.320000,53.824,53.7060623,46.4,46.3416252,0.117937683,0.0583747864,0.101731427,-0.0254554525,0.0493586771,-0.0037381961,-0.000255895284,0.00200819038
4.330000,54.289,54.1638489,46.6,46.5380669,0.125151123,0.061933136,0.102552705,-0.0254526529,0.0493601188,-0.00373821449,-0.00025591423,0.00200820062
4.340000,54.756,54.6279678,46.8,46.7381859,0.128032166,0.0618141174,0.1028345,-0.0254516751,0.0493606143,-0.00373822218,-0.000255920779,0.00200820481
4.350000,55.225,55.1165848,47,46.9485741,0.108415222,0.0514259338,0.100324661,-0.0264252536,0.0533751138,-0.00382951531,-4.92681284e-05,0.00198056712
4.360000,55.696,55.5754471,47.2,47.1435432,0.120552917,0.0564567566,0.101773284,-0.0264200475,0.0533776768,-0.00382956956,-4.93006082e-05,0.00198059645
4.370000,56.169,56.0440063,47.4,47.3410988,0.124993652,0.0589012146,0.102256469,-0.0264182817,0.0533785298,-0.00382959004,-4.93114894e-05,0.00198060763
4.380000,56.644,56.5048447,47.6,47.5335808,0.139155334,0.06641922,0.103953488,-0.0264119767,0.0533815287,-0.00382967107,-4.93498446e-05,0.00198065117
4.390000,57.121,56.9902229,47.8,47.7369957,0.130777069,0.063004303,0.102819726,-0.0264162589,0.0533795282,-0.00382961123,-4.93241459e-05,0.00198061904
4.400000,57.6,57.4879875,48,47.9562149,0.112012482,0.0437850952,0.0970055908,-0.0266778525,0.053644225,-0.00326485792,-0.000284005509,0.00183253607
4.410000,58.081,57.9672775,48.2,48.1540756,0.113722473,0.0459243774,0.0971571356,-0.0266773142,0.0536444969,-0.00326486421,-0.00028400874,0.00183253945
4.420000,58.564,58.4433861,48.4,48.3525543,0.120613922,0.0474456787,0.0979315639,-0.0266745165,0.0536458828,-0.00326490006,-0.000284025358,0.00183255866
4.430000,59.049,58.9276428,48.6,48.5534897,0.121357178,0.0465103149,0.0979647115,-0.0266743954,0.0536459424,-0.00326490169,-0.000284026057,0.00183255959
4.440000,59.536,59.4193077,48.8,48.7564316,0.116692291,0.0435684204,0.0973454937,-0.0266767126,0.0536448359,-0.00326486654,-0.000284012727,0.00183254085
4.450000,60.025,59.9078598,49,48.956955,0.117140198,0.0430450439,0.0973406807,-0.0264830496,0.0500761308,-0.00325479382,-0.000460452808,0.00183653273
4.460000,60.516,60.3930779,49.2,49.1512871,0.12292215,0.0487129211,0.0979873389,-0.0264805499,0.0500772931,-0.00325483759,-0.000460466195,0.00183655601
4.470000,61.009,60.8867264,49.4,49.3510132,0.122273621,0.0489868164,0.0978488326,-0.0264810938,0.0500770435,-0.00325482758,-0.000460463314,0.00183655065
4.480000,61.504,61.392189,49.6,49.5550385,0.111810974,0.0449615479,0.09651649,-0.0264864191,0.0500746556,-0.00325472327,-0.000460435578,0.00183649536
4.490000,62.001,61.8969955,49.8,49.7579002,0.104004456,0.042099762,0.0955104306,-0.0264905058,0.0500728562,-0.00325463922,-0.000460414594,0.00183645077
4.500000,62.5,62.4076347,50,49.965374,0.0923652649,0.0346260071,0.0927985907,-0.017857857,0.054102432,-0.00425336277,-0.000740865886,0.00244016643
4.510000,63.001,62.899971,50.2,50.1612854,0.101028992,0.0387145996,0.0937702581,-0.0178541634,0.054104194,-0.00425343029,-0.00074088492,0.00244020228
4.520000,63.504,63.4217873,50.4,50.3692055,0.082212738,0.0307945251,0.0915216804,-0.0178628694,0.0541001223,-0.00425326172,-0.000740840915,0.00244011311
4.530000,64.009,63.9255867,50.6,50.569809,0.0834132996,0.03019104,0.0916266292,-0.0178624559,0.0541003123,-0.0042532701,-0.000740842952,0.00244011753
4.540000,64.516,64.4392242,50.8,50.7733345,0.0767757568,0.0266654968,0.0908105522,-0.0178657342,0.0540988408,-0.00425320026,-0.000740826945,0.00244008051
4.550000,65.025,64.9451981,51,50.9720879,0.0798019409,0.0279121399,0.0911381394,-0.0199802425,0.0575181879,-0.00450282078,-0.000575776445,0.00238159928
4.560000,65.536,65.4591293,51.2,51.1734543,0.0768706665,0.0265457153,0.0907589868,-0.019981822,0.0575174987,-0.004502784,-0.000575769285,0.00238157995
4.570000,66.049,65.949028,51.4,51.3648376,0.0999719849,0.0351623535,0.0934579894,-0.019970363,0.0575223938,-0.0045030606,-0.0005758201,0.0023817257
4.580000,66.564,66.461792,51.6,51.5646744,0.102208008,0.0353256226,0.0936815962,-0.0199693963,0.0575227998,-0.00450308481,-0.000575824291,0.00238173851
4.590000,67.081,66.9750366,51.8,51.7618256,0.105963379,0.0381744385,0.0940838531,-0.0199676231,0.0575235263,-0.00450313045,-0.000575831858,0.00238176249
4.600000,67.6,67.4909744,52,51.9564285,0.109025574,0.0435714722,0.0961363688,-0.0120237945,0.0626503751,-0.00504314108,-0.000648402958,0.00283449702
4.610000,68.121,68.0122147,52.2,52.1575317,0.108785339,0.0424682617,0.0960603356,-0.0120241037,0.0626502335,-0.00504313363,-0.000648401619,0.00283449306
4.620000,68.644,68.5322495,52.4,52.3575821,0.111750549,0.0424179077,0.0963507146,-0.0120228957,0.0626507625,-0.00504316343,-0.000648406742,0.00283450866
4.630000,69.169,69.05896,52.6,52.5574875,0.110040039,0.0425125122,0.0961059183,-0.012023936,0.0626503155,-0.00504313689,-0.000648402434,0.00283449469
4.640000,69.696,69.5891724,52.8,52.758934,0.106827637,0.041065979,0.0956896022,-0.0120257447,0.0626495555,-0.00504308939,-0.0006483951,0.00283446978
4.650000,70.225,70.1162415,53,52.95858,0.108758545,0.0414199829,0.0958633646,-0.0151671609,0.0658308119,-0.00544727314,-0.000498888781,0.00275025098
4.660000,70.756,70.6502914,53.2,53.1601524,0.105708557,0.0398475647,0.0954656675,-0.015168963,0.0658300892,-0.00544722285,-0.000498882029,0.00275022467
4.670000,71.289,71.1832962,53.4,53.3611946,0.105703796,0.0388053894,0.0954197869,-0.0151691753,0.0658300072,-0.0054472168,-0.000498881273,0.00275022141
4.680000,71.824,71.7242584,53.6,53.5659599,0.0997415771,0.0340400696,0.0946892053,-0.015172625,0.065828681,-0.00544711621,-0.000498868874,0.00275016855
4.690000,72.361,72.2675552,53.8,53.770504,0.0934447632,0.0294960022,0.0939245746,-0.0151763102,0.0658272952,-0.00544700585,-0.000498855836,0.00275011081
4.700000,72.9,72.8191147,54,53.9751015,0.0808853149,0.0248985291,0.0925125182,-0.031214837,0.0655002072,-0.0041038217,-0.000251373334,0.00185524055
4.710000,73.441,73.347435,54.2,54.1706886,0.0935650024,0.0293113708,0.0938921869,-0.0312087648,0.0655027479,-0.0041039926,-0.000251394755,0.00185533008
4.720000,73.984,73.9005585,54.4,54.3774872,0.0834415283,0.0225128174,0.0927352682,-0.0312139802,0.0655006245,-0.00410384219,-0.000251376739,0.00185525138
4.730000,74.529,74.4358215,54.6,54.5741577,0.0931784668,0.0258422852,0.0937954411,-0.031209087,0.0655025616,-0.00410398655,-0.00025139327,0.00185532693
4.740000,75.076,74.9804916,54.8,54.774353,0.0955083618,0.0256469727,0.0940264836,-0.0312079955,0.0655029863,-0.00410401961,-0.000251396879,0.00185534416
4.750000,75.625,75.5326004,55,54.9760933,0.0923995972,0.0239067078,0.093649894,-0.0311425738,0.0645789355,-0.00409695366,-0.000292718149,0.00185692974
4.760000,76.176,76.0832901,55.2,55.1740303,0.0927098999,0.025969696,0.093656756,-0.0311425403,0.0645789504,-0.0040969546,-0.000292718265,0.00185693032
4.770000,76.729,76.6353073,55.4,55.3734398,0.093692688,0.0265602112,0.0937379748,-0.0311421305,0.0645790994,-0.00409696763,-0.000292719487,0.00185693719
4.780000,77.284,77.1727829,55.6,55.5659065,0.111217102,0.0340934753,0.095674701,-0.0311321691,0.0645826161,-0.00409729127,-0.000292748504,0.00185710634
4.790000,77.841,77.7480621,55.8,55.7753868,0.0929378662,0.0246131897,0.093583256,-0.0311431438,0.0645788237,-0.00409692852,-0.000292717159,0.00185691682
4.800000,78.4,78.2972488,56,55.9681969,0.10275116,0.0318031311,0.0947686359,-0.050836131,0.0628966242,-0.00148836174,-0.00042305293,0.000668861903
4.810000,78.961,78.8556366,56.2,56.1673775,0.105363403,0.0326225281,0.0950171277,-0.0508349352,0.0628970787,-0.00148839911,-0.000423056306,0.000668881403
4.820000,79.524,79.430191,56.4,56.3732796,0.09380896,0.0267204285,0.0937298238,-0.0508412607,0.0628947243,-0.00148819771,-0.000423038757,0.000668776338
4.830000,80.089,79.9873505,56.6,56.5709686,0.101649536,0.0290313721,0.0945534483,-0.0508371294,0.0628962219,-0.00148833159,-0.000423049991,0.000668846187
4.840000,80.656,80.5575027,56.8,56.7721252,0.0984972534,0.0278747559,0.0941796601,-0.0508390442,0.0628955439,-0.00148826849,-0.000423044898,0.0006688133
4.850000,81.225,81.1370544,57,56.9785233,0.0879455566,0.0214767456,0.0929998606,-0.0516621433,0.0636250004,-0.00160906848,-0.000390728615,0.000648685847
4.860000,81.796,81.7072144,57.2,57.1801071,0.0887856445,0.0198928833,0.0930687934,-0.0516617745,0.0636251271,-0.00160908094,-0.000390729518,0.000648692367
4.870000,82.369,82.2666397,57.4,57.3755035,0.102360291,0.02449646,0.094530195,-0.0516538434,0.0636277795,-0.00160935416,-0.000390748464,0.000648834684
4.880000,82.944,82.8295975,57.6,57.5699654,0.114402527,0.0300346375,0.0958202854,-0.0516467094,0.0636301115,-0.00160960294,-0.000390765141,0.000648964255
4.890000,83.521,83.4036789,57.8,57.7662277,0.117321106,0.0337722778,0.0961053446,-0.0516451038,0.0636306256,-0.00160965964,-0.000390768808,0.000648993766
4.900000,84.1,83.9650574,58,57.9498405,0.134942627,0.0501594543,0.101828016,-0.037291836,0.0630769581,-0.00254778401,-0.00028215436,0.00133328175
4.910000,84.681,84.548317,58.2,58.1504555,0.132683044,0.0495445251,0.101536617,-0.037293341,0.0630764291,-0.00254773302,-0.000282150984,0.0013332552
4.920000,85.264,85.1421967,58.4,58.3552437,0.121803345,0.0447563171,0.100333206,-0.0372996889,0.063074246,-0.00254751579,-0.000282137014,0.00133314217
4.930000,85.849,85.7156067,58.6,58.5497169,0.133393311,0.0502830505,0.101513393,-0.0372933373,0.0630763844,-0.00254773558,-0.000282150664,0.00133325637
4.940000,86.436,86.2763977,58.8,58.739727,0.159602295,0.0602729797,0.104241453,-0.0372783616,0.0630813017,-0.00254825875,-0.000282182125,0.00133352843
4.950000,87.025,86.8505478,59,58.9322548,0.174452209,0.0677452087,0.105757929,-0.0368255489,0.0648962706,-0.00247102208,-0.000206445082,0.0013447497
4.960000,87.616,87.459053,59.2,59.1417618,0.15694696,0.0582382202,0.103824191,-0.0368365757,0.0648927838,-0.00247062906,-0.000206423996,0.00134454563
4.970000,88.209,88.06073,59.4,59.3459396,0.14827002,0.0540603638,0.102837697,-0.0368423089,0.0648910105,-0.002470423,-0.000206413271,0.00134443864
4.980000,88.804,88.6640396,59.6,59.5493317,0.139960388,0.050668335,0.10189335,-0.0368479006,0.0648893192,-0.00247022044,-0.000206403041,0.00134433352
4.990000,89.401,89.2855682,59.8,59.7608795,0.115431763,0.0391204834,0.0992189869,-0.0368640237,0.0648845509,-0.00246963208,-0.000206374127,0.00134402805
5.000000,90,89.8790665,60,59.9586601,0.120933533,0.0413398743,0.0997980386,-0.0263180342,0.0607588924,-0.00278961984,-0.000191435945,0.00178208994
5.010000,90.601,90.4837799,60.2,60.1605148,0.117220093,0.0394851685,0.0993561745,-0.0263207741,0.0607581139,-0.00278951903,-0.000191431842,0.00178203767
5.020000,91.204,91.0932465,60.4,60.3633499,0.11075354,0.0366500854,0.0986208469,-0.0263254046,0.0607568249,-0.00278934743,-0.000191425032,0.00178194873
5.030000,91.809,91.7008286,60.6,60.5645905,0.108171448,0.0354095459,0.0983041972,-0.0263274293,0.0607562736,-0.002789272,-0.000191422107,0.00178190961
5.040000,92.416,92.3104553,60.8,60.7647171,0.105544678,0.0352828979,0.0979831815,-0.0263295136,0.0607557148,-0.00278919376,-0.000191419153,0.0017818691
5.050000,93.025,92.9122467,61,60.9605446,0.112753296,0.0394554138,0.0987151787,-0.027193008,0.0583154261,-0.00295045227,-0.000290229189,0.00176089769
5.060000,93.636,93.530159,61.2,61.1641922,0.105841003,0.0358078003,0.0979282409,-0.0271982625,0.0583140589,-0.00295025203,-0.000290222379,0.00176079397
5.070000,94.249,94.1443863,61.4,61.3656616,0.104613708,0.0343383789,0.097758323,-0.0271994136,0.0583137646,-0.0029502078,-0.000290220923,0.00176077115
5.080000,94.864,94.7665939,61.6,61.5689278,0.0974060669,0.0310722351,0.0969434455,-0.0272050109,0.0583123602,-0.00294999173,-0.000290213909,0.00176065927
5.090000,95.481,95.3719788,61.8,61.7625313,0.10902124,0.0374687195,0.0981633738,-0.0271965172,0.0583144501,-0.00295032165,-0.000290224358,0.00176083017
5.100000,96.1,95.9970932,62,61.967823,0.102906799,0.0321769714,0.096778661,-0.025458172,0.0552779101,-0.00318817212,-0.000337533624,0.00186320569
5.110000,96.721,96.6166534,62.2,62.1679916,0.104346558,0.0320083618,0.0968954638,-0.0254574213,0.0552781112,-0.00318820006,-0.000337534468,0.00186322012
5.120000,97.344,97.2313538,62.4,62.3639946,0.11264624,0.0360054016,0.0977279022,-0.0254519861,0.0552795492,-0.00318840356,-0.000337540434,0.00186332548
5.130000,97.969,97.8507156,62.6,62.5607033,0.118284363,0.0392967224,0.0982783586,-0.0254483372,0.0552804954,-0.00318854093,-0.000337544363,0.00186339661
5.140000,98.596,98.4781647,62.8,62.7611923,0.117835327,0.0388076782,0.0981905907,-0.0254489277,0.0552803464,-0.00318851857,-0.000337543752,0.00186338509
5.150000,99.225,99.1004715,63,62.9569969,0.124528503,0.0430030823,0.0988452435,-0.0251635388,0.0515636243,-0.00314921909,-0.000484616554,0.00186786533
5.160000,99.856,99.7256165,63.2,63.1535988,0.130383545,0.0464012146,0.099412933,-0.0251596086,0.0515645929,-0.00314936996,-0.000484620279,0.00186794333
5.170000,100.489,100.338661,63.4,63.3442688,0.150338806,0.0557312012,0.101457052,-0.0251452606,0.0515680686,-0.00314992433,-0.000484633609,0.00186822994
5.180000,101.124,100.985313,63.6,63.5500259,0.138686584,0.0499740601,0.100175455,-0.025154382,0.0515658967,-0.00314956973,-0.000484625314,0.0018680467
5.190000,101.761,101.620842,63.8,63.7514572,0.14015802,0.0485427856,0.100278415,-0.0251536388,0.0515660718,-0.00314959884,-0.000484625984,0.00186806172
5.200000,102.4,102.274239,64,63.9632416,0.125761414,0.0367584229,0.0967455804,-0.015283349,0.052666422,-0.00376924314,-0.000609148003,0.00224481034
5.210000,103.041,102.915321,64.2,64.1624298,0.12567865,0.0375701904,0.0966990963,-0.0152836582,0.0526663437,-0.00376923149,-0.00060914777,0.00224480429
5.220000,103.684,103.560074,64.4,64.3642731,0.123926147,0.0357269287,0.0964832455,-0.0152851176,0.0526659749,-0.00376917655,-0.000609146664,0.00224477588
5.230000,104.329,104.20472,64.6,64.563858,0.124280457,0.0361419678,0.0964832455,-0.0152851176,0.0526659749,-0.00376917655,-0.000609146664,0.00224477588
5.240000,104.976,104.847649,64.8,64.7621918,0.128351379,0.0378082275,0.0968610197,-0.0152824856,0.052666612,-0.0037692769,-0.000609148527,0.00224482757
5.250000,105.625,105.508667,65,64.9670792,0.116333008,0.0329208374,0.0956031606,-0.0143566662,0.0560853258,-0.00356271421,-0.00047857099,0.00226690224
5.260000,106.276,106.157898,65.2,65.1663132,0.118102051,0.0336868286,0.0957503989,-0.0143556111,0.0560855716,-0.00356275495,-0.000478571659,0.0022669232
5.270000,106.929,106.815163,65.4,65.3702774,0.113837341,0.0297225952,0.0952815562,-0.0143590206,0.0560847893,-0.0035626227,-0.000478569535,0.00226685498
5.280000,107.584,107.475403,65.6,65.5709229,0.108597168,0.0290771484,0.0947142467,-0.014363206,0.0560838468,-0.00356245972,-0.000478566973,0.00226677093
5.290000,108.241,108.124481,65.8,65.7675705,0.116518799,0.0324295044,0.0954949483,-0.0143573647,0.0560851358,-0.00356268836,-0.000478570495,0.00226688874
5.300000,108.9,108.783798,66,65.9717026,0.116201782,0.0282974243,0.0940399766,-0.0235381331,0.0570295006,-0.00262336759,-0.000763583113,0.00187527959
5.310000,109.561,109.448898,66.2,66.1731491,0.112101685,0.0268508911,0.0936057344,-0.0235411208,0.0570287742,-0.00262325513,-0.000763581775,0.00187522161
5.320000,110.224,110.107376,66.4,66.3709183,0.116623901,0.0290817261,0.0940268859,-0.0235381797,0.0570294783,-0.00262336642,-0.000763583055,0.00187527901
5.330000,110.889,110.774422,66.6,66.5721283,0.114578308,0.0278717041,0.0937951878,-0.0235398225,0.0570290945,-0.00262330403,-0.000763582357,0.00187524676
5.340000,111.556,111.442673,66.8,66.7740936,0.113327271,0.0259063721,0.0936437026,-0.0235409122,0.057028845,-0.00262326235,-0.000763581891,0.00187522534
5.350000,112.225,112.137604,67,66.9850159,0.0873962402,0.0149841309,0.0910455585,-0.02314239,0.059229739,-0.00251885946,-0.000681732839,0.00188520434
5.360000,112.896,112.796753,67.2,67.1780701,0.0992470703,0.0219299316,0.0922084451,-0.0231337883,0.0592316464,-0.00251919217,-0.000681735983,0.00188537571
5.370000,113.569,113.467834,67.4,67.3780594,0.101165527,0.0219406128,0.0923783258,-0.0231325142,0.059231922,-0.00251924177,-0.000681736448,0.0018854012
5.380000,114.244,114.143494,67.6,67.5775223,0.100506348,0.0224777222,0.0922898725,-0.0231331866,0.0592317767,-0.00251921546,-0.000681736215,0.0018853877
5.390000,114.921,114.82917,67.8,67.7825012,0.0918297729,0.0174987793,0.0914029777,-0.0231400188,0.0592303462,-0.002518947,-0.000681733829,0.00188524951
5.400000,115.6,115.488579,68,67.9715958,0.111421204,0.0284042358,0.094783999,-0.0245935731,0.0551054031,-0.0026909404,-0.000405892468,0.00187266897
5.410000,116.281,116.164986,68.2,68.1701736,0.116014343,0.029826355,0.0952002928,-0.0245906226,0.0551060848,-0.00269105192,-0.00040589305,0.00187272637
5.420000,116.964,116.843475,68.4,68.3688965,0.120524658,0.0311035156,0.095607236,-0.0245876964,0.0551067479,-0.00269116298,-0.000405893603,0.00187278353
5.430000,117.649,117.538643,68.6,68.574234,0.110357117,0.0257659912,0.0945945084,-0.0245950818,0.0551051088,-0.00269088103,-0.000405892264,0.00187263847
5.440000,118.336,118.22982,68.8,68.7738876,0.106179749,0.0261123657,0.0941646174,-0.0245982595,0.0551044159,-0.00269075902,-0.000405891711,0.00187257573
5.450000,119.025,118.918716,69,68.9734573,0.106283569,0.0265426636,0.0941427425,-0.0244992543,0.0497550927,-0.00268590637,-0.000599418709,0.00187153998
5.460000,119.716,119.609871,69.2,69.1729279,0.106129089,0.0270721436,0.094102338,-0.0244995616,0.0497550294,-0.00268589449,-0.00059941865,0.00187153381
5.470000,120.409,120.303329,69.4,69.3738937,0.105670532,0.0261062622,0.0940315127,-0.0245001074,0.0497549176,-0.0026858733,-0.000599418592,0.00187152287
5.480000,121.104,121.004005,69.6,69.5786209,0.0999945679,0.0213790894,0.0934559181,-0.0245045982,0.0497540049,-0.00268569728,-0.000599418127,0.00187143241
5.490000,121.801,121.702744,69.8,69.7793655,0.0982564697,0.0206344604,0.0932659432,-0.0245061014,0.0497537032,-0.00268563814,-0.000599417952,0.00187140203
5.500000,122.5,122.373543,70,69.960228,0.126457214,0.0397720337,0.0982515588,-0.0407759435,0.0505458415,-0.00141607726,-0.00042388076,0.00131347205
5.510000,123.201,123.064423,70.2,70.1545944,0.136577393,0.0454055786,0.0991662517,-0.0407692865,0.0505473018,-0.00141632918,-0.000423880439,0.00131360139
5.520000,123.904,123.792122,70.4,70.3654175,0.111878113,0.0345825195,0.0967948288,-0.0407867841,0.0505435318,-0.00141566363,-0.000423881342,0.00131325959
5.530000,124.609,124.495453,70.6,70.5648956,0.113547119,0.0351043701,0.0969196036,-0.0407858491,0.0505437292,-0.00141569925,-0.000423881283,0.00131327787
5.540000,125.316,125.212662,70.8,70.7672958,0.103338257,0.0327041626,0.0959216654,-0.0407934152,0.0505421609,-0.00141540868,-0.000423881749,0.00131312863
5.550000,126.025,125.922615,71,70.9661789,0.102384949,0.033821106,0.0958007127,-0.0407143198,0.0516292006,-0.00139099034,-0.000385735853,0.00131531071
5.560000,126.736,126.642265,71.2,71.1703339,0.0937346802,0.0296661377,0.094950363,-0.0407209359,0.0516278706,-0.00139073376,-0.000385736523,0.00131517905
5.570000,127.449,127.352539,71.4,71.3705368,0.0964609375,0.0294631958,0.0951809064,-0.040719118,0.0516282283,-0.00139080454,-0.000385736319,0.00131521537
5.580000,128.164,128.066193,71.6,71.5703049,0.097807373,0.0296951294,0.0952807963,-0.0407183208,0.051628381,-0.00139083574,-0.000385736232,0.00131523132
5.590000,128.881,128.796188,71.8,71.7762375,0.0848116455,0.0237625122,0.0940213725,-0.0407284945,0.0516264439,-0.00139043585,-0.000385737396,0.00131502608
5.600000,129.6,129.545151,72,71.9980316,0.0548492432,0.00196838379,0.0883987769,-0.0327992477,0.0510429293,-0.00209513865,-0.00028709622,0.00159021723
5.610000,130.321,130.260132,72.2,72.194519,0.0608681641,0.00548095703,0.0889506191,-0.0327951424,0.0510437898,-0.00209529418,-0.000287095085,0.00159029698
5.620000,131.044,130.99115,72.4,72.3975296,0.0528500977,0.00247039795,0.0882059112,-0.0328007564,0.0510426387,-0.00209508068,-0.000287096627,0.00159018754
5.630000,131.769,131.708313,72.6,72.5942078,0.0606870117,0.00579223633,0.0889263973,-0.0327952504,0.0510437451,-0.00209529093,-0.000287095114,0.00159029535
5.640000,132.496,132.420044,72.8,72.7859116,0.0759560547,0.0140884399,0.0903280228,-0.0327843949,0.0510458872,-0.00209570676,-0.000287092087,0.0015905085
5.650000,133.225,133.147614,73,72.9863052,0.0773864746,0.0136947632,0.0904502198,-0.0322688669,0.0526306853,-0.00195191451,-0.000233332321,0.00160079624
5.660000,133.956,133.873535,73.2,73.1813965,0.0824648438,0.0186035156,0.0909052566,-0.0322652534,0.0526313744,-0.00195205421,-0.000233331215,0.00160086784
5.670000,134.689,134.593933,73.4,73.376564,0.0950668945,0.0234359741,0.0920535401,-0.0322560184,0.0526331067,-0.00195241242,-0.000233328348,0.00160105142
5.680000,135.424,135.334335,73.6,73.5795364,0.0896646729,0.020463562,0.0915324166,-0.0322602615,0.0526323244,-0.00195224723,-0.000233329672,0.00160096679
5.690000,136.161,136.062576,73.8,73.7760925,0.0984237061,0.0239074707,0.0923253819,-0.0322537273,0.0526335053,-0.00195250264,-0.000233327606,0.00160109764
5.700000,136.9,136.798904,74,73.9690323,0.101095581,0.0309677124,0.0942471698,-0.0507603586,0.051499892,-0.000860578497,-0.000194191423,0.00100911863
5.710000,137.641,137.534866,74.2,74.1673737,0.106133667,0.0326263428,0.0946722478,-0.0507571362,0.0515005328,-0.000860700151,-0.000194189866,0.00100918091
5.720000,138.384,138.287415,74.4,74.3710327,0.0965854492,0.0289672852,0.0937833935,-0.0507639572,0.0514991991,-0.000860441476,-0.000194193155,0.00100904843
5.730000,139.129,139.051743,74.6,74.5809631,0.0772574463,0.0190368652,0.0920180231,-0.0507776774,0.0514965691,-0.000859919237,-0.000194199805,0.00100878102
5.740000,139.876,139.800781,74.8,74.7810059,0.07521875,0.0189941406,0.0918153673,-0.0507792719,0.0514962673,-0.000859858294,-0.000194200577,0.00100874982
5.750000,140.625,140.558792,75,74.9856033,0.0662078857,0.0143966675,0.0909842253,-0.0515224747,0.0513383448,-0.00107602577,-0.000198913462,0.000995431794
5.760000,141.376,141.29715,75.2,75.1811905,0.0788503418,0.0188095093,0.0921140388,-0.0515133515,0.0513400026,-0.0010763763,-0.000198908805,0.00099561119
5.770000,142.129,142.047653,75.4,75.3805084,0.0813468018,0.0194915771,0.09232416,-0.0515116341,0.051340308,-0.00107644254,-0.000198907917,0.000995645067
5.780000,142.884,142.799759,75.6,75.5796661,0.0842410889,0.0203338623,0.092568323,-0.0515096113,0.0513406619,-0.00107652065,-0.00019890687,0.000995684997
5.790000,143.641,143.550079,75.8,75.7783203,0.0909206543,0.0216796875,0.0931550488,-0.0515046902,0.0513415076,-0.00107671099,-0.000198904308,0.000995782437
5.800000,144.4,144.293106,76,75.9652863,0.106893921,0.0347137451,0.0964267552,-0.0689465776,0.0507649817,0.00032182195,-0.000354751508,0.000436802715
5.810000,145.161,145.050339,76.2,76.1643219,0.110661255,0.0356781006,0.0967282578,-0.068944253,0.0507654212,0.000321734784,-0.000354749936,0.000436847302
5.820000,145.924,145.81311,76.4,76.3636017,0.110889648,0.0363983154,0.0967155918,-0.0689443499,0.0507654026,0.000321738509,-0.000354749995,0.00043684541
5.830000,146.689,146.580399,76.6,76.5652466,0.10860144,0.034753418,0.0964827463,-0.0689461902,0.0507650673,0.000321807893,-0.000354751246,0.000436809933
5.840000,147.456,147.346191,76.8,76.7661819,0.109808594,0.0338180542,0.096559152,-0.0689455792,0.0507651754,0.000321784784,-0.000354750839,0.000436821749
5.850000,148.225,148.117416,77,76.9678726,0.107583618,0.0321273804,0.0963324532,-0.069571197,0.0501658395,0.000121749021,-0.000373632123,0.000425581064
5.860000,148.996,148.900543,77.2,77.1709824,0.0954567871,0.0290176392,0.0952343717,-0.0695802197,0.050164286,0.000122090743,-0.000373638468,0.000425406412
5.870000,149.769,149.670776,77.4,77.3696594,0.0982236328,0.0303405762,0.095453307,-0.0695783943,0.0501645952,0.000122021665,-0.000373637187,0.000425441714
5.880000,150.544,150.45015,77.6,77.5720978,0.0938504639,0.0279022217,0.0950401276,-0.0695818737,0.0501640178,0.000122153782,-0.000373639661,0.000425374194
5.890000,151.321,151.222961,77.8,77.7684402,0.0980385742,0.0315597534,0.0953854099,-0.0695789233,0.0501644984,0.000122041907,-0.000373637566,0.000425431383
5.900000,152.1,151.99881,78,77.9676132,0.101190186,0.0323867798,0.0954094678,-0.0688768402,0.0535527617,-0.00021630674,-0.00059475773,0.000439813302
5.910000,152.881,152.788513,78.2,78.1707458,0.0924868164,0.0292541504,0.0946326405,-0.06888289,0.0535516739,-0.000216081447,-0.000594763027,0.000439698226
5.920000,153.664,153.576263,78.4,78.3744125,0.0877365723,0.0255874634,0.0941997468,-0.0688863099,0.0535510704,-0.000215954205,-0.000594765996,0.000439633237
5.930000,154.449,154.377029,78.6,78.5807495,0.0719705811,0.0192504883,0.0928181782,-0.0688973814,0.0535491593,-0.000215542692,-0.000594775658,0.000439423049
5.940000,155.236,155.165665,78.8,78.7808533,0.0703353271,0.0191467285,0.0926602185,-0.0688986629,0.0535489433,-0.000215495034,-0.000594776764,0.000439398689
5.950000,156.025,155.948212,79,78.9793396,0.0767883301,0.0206604004,0.0931993797,-0.0683842227,0.0511673465,-2.91228262e-05,-0.000669784611,0.000447847531
5.960000,156.816,156.731522,79.2,79.1768646,0.0844783936,0.023135376,0.0938454419,-0.068378821,0.0511682257,-2.93228622e-05,-0.000669779838,0.000447949627
5.970000,157.609,157.526306,79.4,79.3766022,0.0826938477,0.0233978271,0.0936707035,-0.0683803037,0.051167991,-2.92680907e-05,-0.000669781119,0.000447921659
5.980000,158.404,158.310455,79.6,79.5712509,0.0935446777,0.0287490845,0.0945875272,-0.068372421,0.0511692241,-2.95589525e-05,-0.000669774192,0.000448070117
5.990000,159.201,159.106461,79.8,79.7703094,0.0945394287,0.0296905518,0.0946488082,-0.0683718845,0.051169306,-2.95786249e-05,-0.000669773726,0.000448080158
6.000000,160,159.877502,80,79.9540558,0.122497559,0.0459442139,0.0985263214,-0.0728538483,0.0528136902,0.00026871328,-0.000495637127,0.000336506084
6.010000,160.801,160.704376,80.2,80.1654816,0.0966237793,0.0345184326,0.0963115096,-0.072871387,0.0528107062,0.000269351905,-0.000495655579,0.000336180266
6.020000,161.604,161.514359,80.4,80.3691406,0.0896414795,0.030859375,0.0956949294,-0.0728763416,0.0528098792,0.000269531913,-0.000495660759,0.000336088444
6.030000,162.409,162.316284,80.6,80.568222,0.0927158203,0.0317779541,0.0959292427,-0.0728744343,0.0528101921,0.000269462675,-0.00049565878,0.000336123776
6.040000,163.216,163.107529,80.8,80.7614594,0.108471313,0.0385406494,0.0972298384,-0.0728636831,0.0528119132,0.000269073731,-0.000495647546,0.000336322206
6.050000,164.025,163.916245,81,80.9608841,0.108755493,0.0391159058,0.0972227156,-0.0729935169,0.0553917252,0.000214243672,-0.000416990864,0.000334920624
6.060000,164.836,164.717133,81.2,81.1556168,0.118867432,0.0443832397,0.0980436355,-0.0729865432,0.055392798,0.000213992244,-0.000416983588,0.000335048826
6.070000,165.649,165.515717,81.4,81.3506317,0.133283447,0.0493682861,0.0992248058,-0.0729763731,0.0553943329,0.000213626336,-0.000416973024,0.000335235381
6.080000,166.464,166.325577,81.6,81.5479736,0.138423218,0.0520263672,0.099616684,-0.0729729533,0.0553948395,0.000213503561,-0.000416969473,0.000335297984
6.090000,167.281,167.129944,81.8,81.7450027,0.151056152,0.0549972534,0.100641482,-0.0729639009,0.0553961545,0.000213178952,-0.000416960131,0.000335463497
6.100000,168.1,167.933655,82,81.9389496,0.166345215,0.061050415,0.101998888,-0.0809989423,0.0561268218,0.000303285458,-0.000411824614,0.000128171901
6.110000,168.921,168.757828,82.2,82.1416245,0.163172241,0.0583755493,0.10168799,-0.0810014457,0.056126412,0.000303374138,-0.000411827379,0.000128126718
6.120000,169.744,169.561844,82.4,82.3336258,0.182156128,0.0663742065,0.103204243,-0.0809890553,0.0561283901,0.000302936736,-0.000411813759,0.000128349595
6.130000,170.569,170.392563,82.6,82.5353012,0.176437134,0.0646987915,0.102676496,-0.0809934288,0.0561277047,0.000303090666,-0.000411818561,0.00012827116
6.140000,171.396,171.216324,82.8,82.7330399,0.179676147,0.066960144,0.102889642,-0.0809916407,0.0561279804,0.000303027802,-0.000411816611,0.000128303189
6.150000,172.225,172.042435,83,82.9323807,0.182565308,0.0676193237,0.103073493,-0.0809677243,0.0552237779,0.000314849691,-0.000440477481,0.000128490385
6.160000,173.056,172.866898,83.2,83.128334,0.189102417,0.0716659546,0.103557862,-0.0809635371,0.0552243963,0.000314703706,-0.000440472882,0.00012856473
6.170000,173.889,173.709534,83.4,83.3310928,0.179466309,0.0689071655,0.102701128,-0.0809710547,0.0552233122,0.000314964593,-0.000440481119,0.000128431886
6.180000,174.724,174.54361,83.6,83.5320816,0.180390381,0.067918396,0.102721207,-0.0809708759,0.0552233383,0.000314958423,-0.000440480915,0.000128435029
6.190000,175.561,175.376205,83.8,83.7307816,0.184794556,0.0692184448,0.103031069,-0.080968082,0.0552237257,0.000314862147,-0.000440477859,0.000128484055
6.200000,176.4,176.201233,84,83.9258041,0.19876709,0.0741958618,0.103799388,-0.100189626,0.0545492917,0.00128094153,-0.000364000385,-0.000376393873
6.210000,177.241,177.037384,84.2,84.1239777,0.203615967,0.0760223389,0.104130656,-0.100186914,0.054549709,0.00128084864,-0.000363996922,-0.000376346579
6.220000,178.084,177.872498,84.4,84.3210068,0.211502441,0.0789932251,0.104706921,-0.100182123,0.0545504279,0.0012806853,-0.00036399081,-0.00037626343
6.230000,178.929,178.702545,84.6,84.5125122,0.226454834,0.087487793,0.105852142,-0.10017246,0.0545518473,0.00128035736,-0.000363978557,-0.000376096519
6.240000,179.776,179.559067,84.8,84.7172241,0.216933228,0.0827758789,0.105012022,-0.100179657,0.0545508116,0.00128060032,-0.000363987609,-0.000376220152
6.250000,180.625,180.405563,85,84.9163284,0.219436646,0.0836715698,0.105142899,-0.100497864,0.0503058657,0.00116687932,-0.000492900377,-0.000381972117
6.260000,181.476,181.268341,85.2,85.1210938,0.207658936,0.07890625,0.104120441,-0.100506887,0.0503046215,0.00116718083,-0.000492911611,-0.000382125465
6.270000,182.329,182.119598,85.4,85.3205185,0.209401611,0.0794815063,0.104197726,-0.100506194,0.0503047146,0.00116715778,-0.000492910738,-0.000382113765
6.280000,183.184,182.967285,85.6,85.5171814,0.216714844,0.0828186035,0.104726613,-0.100501388,0.0503053479,0.00116699899,-0.000492904859,-0.000382033002
6.290000,184.041,183.834396,85.8,85.7218704,0.206603638,0.0781295776,0.103840739,-0.100509562,0.0503042936,0.00116726733,-0.000492914813,-0.00038216947
6.300000,184.9,184.701569,86,85.9254303,0.198431396,0.0745697021,0.102670752,-0.0972997025,0.0499198772,0.00109922071,-0.00047521817,-0.000298496685
6.310000,185.761,185.55867,86.2,86.1243057,0.202329956,0.0756942749,0.102920979,-0.0972976163,0.0499201789,0.00109915202,-0.000475215173,-0.00029846176
6.320000,186.624,186.411209,86.4,86.3202286,0.212790894,0.0797714233,0.103688657,-0.0972911119,0.0499210916,0.00109893933,-0.000475205947,-0.000298353611
6.330000,187.489,187.26416,86.6,86.51474,0.224839844,0.0852600098,0.104579352,-0.0972834378,0.0499221422,0.00109869032,-0.000475195178,-0.000298227009
6.340000,188.356,188.123596,86.8,86.7140503,0.232403809,0.085949707,0.105111241,-0.0972787812,0.0499227643,0.00109854026,-0.000475188717,-0.000298150728
6.350000,189.225,189.001602,87,86.9192657,0.223397827,0.0807342529,0.104328357,-0.0973430723,0.0485799164,0.00108139543,-0.00051443954,-0.000299367588
6.360000,190.096,189.880249,87.2,87.1219025,0.215750977,0.0780975342,0.103656463,-0.0973491371,0.0485791415,0.00108158821,-0.000514447805,-0.000299465581
6.370000,190.969,190.74614,87.4,87.3177109,0.222860474,0.0822891235,0.10415858,-0.0973445326,0.0485797152,0.00108144293,-0.000514441635,-0.000299391744
6.380000,191.844,191.623199,87.6,87.5182495,0.220800537,0.0817504883,0.103929847,-0.0973466635,0.0485794544,0.00108150963,-0.000514444488,-0.00029942565
6.390000,192.721,192.498184,87.8,87.7200317,0.222815796,0.0799682617,0.10402599,-0.0973457545,0.0485795625,0.00108148134,-0.000514443265,-0.000299411302
6.400000,193.6,193.390717,88,87.928833,0.209283447,0.0711669922,0.10199628,-0.0937428623,0.0477371812,0.00115448539,-0.00054418348,-0.000208717829
6.410000,194.481,194.261658,88.2,88.1261597,0.219342285,0.073840332,0.102722175,-0.0937366411,0.0477380045,0.00115429133,-0.000544173992,-0.000208619284
6.420000,195.364,195.147278,88.4,88.3271866,0.216722168,0.0728134155,0.1024606,-0.093738921,0.0477377102,0.00115436187,-0.000544177426,-0.000208655096
6.430000,196.249,196.047211,88.6,88.5312576,0.201789307,0.0687423706,0.101243004,-0.093749702,0.0477363504,0.00115469273,-0.000544193434,-0.000208823127
6.440000,197.136,196.922363,88.8,88.727951,0.213636719,0.0720489502,0.10211172,-0.0937418863,0.0477373116,0.00115445477,-0.000544181967,-0.000208702288
6.450000,198.025,197.814255,89,88.9297867,0.210745239,0.0702133179,0.101830304,-0.0935710371,0.0456200615,0.00126052322,-0.000604028523,-0.000206354569
6.460000,198.916,198.720947,89.2,89.1370773,0.195052734,0.0629226685,0.100554578,-0.0935828984,0.0456186756,0.00126087829,-0.000604045403,-0.000206534765
6.470000,199.809,199.613708,89.4,89.3398361,0.195291504,0.0601638794,0.100524992,-0.0935831815,0.0456186421,0.00126088655,-0.00060404581,-0.000206538971
6.480000,200.704,200.510651,89.6,89.5423584,0.193349365,0.0576416016,0.100327268,-0.0935850814,0.0456184298,0.00126094243,-0.00060404843,-0.000206567318
6.490000,201.601,201.400375,89.8,89.7396927,0.200624634,0.060307312,0.100848831,-0.0935799927,0.0456189811,0.001260794,-0.000604041503,-0.000206492012
6.500000,202.5,202.271561,90,89.9197388,0.228439331,0.0802612305,0.105217949,-0.0905121639,0.0451055616,0.000979033066,-0.000456938375,-0.000132478104
6.510000,203.401,203.171448,90.2,90.1188965,0.229552246,0.0811035156,0.105241477,-0.0905119553,0.0451055877,0.000979027012,-0.000456938054,-0.000132475005
6.520000,204.304,204.066177,90.4,90.3161087,0.237822632,0.0838912964,0.10580945,-0.0905068591,0.0451061912,0.000978878466,-0.000456930109,-0.000132399669
6.530000,205.209,204.962692,90.6,90.512558,0.246307739,0.0874420166,0.106392145,-0.0905015394,0.0451068021,0.000978724915,-0.00045692196,-0.000132321802
6.540000,206.116,205.858658,90.8,90.708046,0.257342163,0.0919540405,0.107165545,-0.090494357,0.0451076068,0.000978519674,-0.000456911133,-0.000132217683
6.550000,207.025,206.75914,91,90.9052887,0.265859985,0.0947113037,0.10774675,-0.0901183337,0.0472781882,0.00116632704,-0.000398091797,-0.000125997642
6.560000,207.936,207.651993,91.2,91.0970383,0.284007202,0.102961731,0.109059416,-0.0901057348,0.0472795255,0.00116597349,-0.000398073433,-0.000125818377
6.570000,208.849,208.573898,91.4,91.3008957,0.275101685,0.0991043091,0.108301401,-0.0901131257,0.0472787619,0.00116617908,-0.000398084027,-0.000125922626
6.580000,209.764,209.488907,91.6,91.5004349,0.27509314,0.0995651245,0.108224399,-0.0901138857,0.0472786836,0.00116620015,-0.000398085103,-0.000125933293
6.590000,210.681,210.395294,91.8,91.6960983,0.285705811,0.103901672,0.108958542,-0.0901064947,0.0472794063,0.00116599828,-0.000398074859,-0.000125830949
6.600000,211.6,211.297821,92,91.887558,0.302178955,0.112442017,0.111261211,-0.0692994371,0.052386418,0.000122014302,-0.000453582034,0.000342379382
6.610000,212.521,212.207748,92.2,92.0828247,0.313251587,0.117175293,0.112002864,-0.069292672,0.052387163,0.000121827812,-0.00045357112,0.000342473882
6.620000,213.444,213.128159,92.4,92.282692,0.315841431,0.117308044,0.112108938,-0.0692916885,0.0523872674,0.000121800942,-0.000453569548,0.000342487503
6.630000,214.369,214.045822,92.6,92.4794693,0.323177856,0.120530701,0.1125689,-0.0692873448,0.0523877181,0.000121683595,-0.000453562825,0.000342546962
6.640000,215.296,214.969635,92.8,92.6776352,0.32636499,0.122364807,0.112716392,-0.0692859292,0.0523878597,0.000121645695,-0.000453560671,0.000342566171
6.650000,216.225,215.899765,93,92.8788071,0.325234985,0.121192932,0.112541012,-0.0688955411,0.0521862246,0.000365137297,-0.000459117611,0.000348646485
6.660000,217.156,216.826736,93.2,93.0776291,0.32926355,0.122370911,0.112752229,-0.0688934475,0.0521864258,0.000365082233,-0.000459114555,0.000348674366
6.670000,218.089,217.759827,93.4,93.2782822,0.32917334,0.121717834,0.112653814,-0.0688944384,0.0521863326,0.000365108077,-0.000459115981,0.00034866127
6.680000,219.024,218.692383,93.6,93.4779358,0.331617187,0.122064209,0.112746559,-0.0688934848,0.0521864183,0.000365083572,-0.000459114643,0.000348673697
6.690000,219.961,219.619492,93.8,93.6753311,0.341508423,0.124668884,0.11339733,-0.0688867122,0.0521870106,0.000364910375,-0.0004591053,0.000348761416
6.700000,220.9,220.57637,94,93.8860321,0.323629761,0.113967896,0.111107767,-0.0680235177,0.0500431731,0.000571380253,-0.000551546982,0.000358503457
6.710000,221.841,221.525681,94.2,94.0897827,0.315319458,0.110217285,0.110415518,-0.0680300817,0.0500425287,0.000571548997,-0.000551557401,0.000358418038
6.720000,222.784,222.476761,94.4,94.2948685,0.307239136,0.105131531,0.109743103,-0.0680365711,0.050041914,0.000571714132,-0.000551567529,0.000358334451
6.730000,223.729,223.427277,94.6,94.4986496,0.301723389,0.101350403,0.109261751,-0.0680412948,0.0500414781,0.000571833225,-0.000551574747,0.000358274177
6.740000,224.676,224.375488,94.8,94.6993637,0.300511719,0.100636292,0.109098591,-0.0680429265,0.0500413328,0.000571873854,-0.000551577192,0.000358253601
6.750000,225.625,225.334442,95,94.9040375,0.290557861,0.0959625244,0.108293846,-0.0682953447,0.0489891693,0.000419310643,-0.000578165927,0.000354155112
6.760000,226.576,226.293015,95.2,95.106636,0.282985474,0.0933639526,0.107666381,-0.0683018267,0.0489886254,0.000419469288,-0.000578175241,0.000354074873
6.770000,227.529,227.245575,95.4,95.3062439,0.283425049,0.0937561035,0.107628874,-0.0683022216,0.0489885919,0.000419478834,-0.000578175823,0.000354070042
6.780000,228.484,228.188782,95.6,95.5016556,0.295218262,0.0983444214,0.108426668,-0.0682937056,0.0489892662,0.000419274293,-0.000578164065,0.000354173506
6.790000,229.441,229.138367,95.8,95.6980972,0.302633301,0.101902771,0.108899385,-0.0682885796,0.048989661,0.00041915226,-0.000578157138,0.000354235235
6.800000,230.4,230.107315,96,95.905899,0.292684937,0.0941009521,0.107254647,-0.0719370991,0.0454451181,0.000451837754,-0.000592970755,0.000285736198
6.810000,231.361,231.077576,96.2,96.1106262,0.283424316,0.0893737793,0.106521308,-0.0719443634,0.0454444923,0.000452011474,-0.000592982047,0.000285648362
6.820000,232.324,232.039032,96.4,96.3100739,0.284968018,0.0899261475,0.106567614,-0.071943894,0.0454445295,0.000452000415,-0.000592981349,0.00028565395
6.830000,233.289,232.993729,96.6,96.5067825,0.295271362,0.0932174683,0.10724543,-0.0719369352,0.045445092,0.000451837434,-0.000592970988,0.000285736343
6.840000,234.256,233.954117,96.8,96.7045593,0.301883179,0.0954406738,0.107655212,-0.0719326511,0.0454454273,0.00045173816,-0.00059296476,0.000285786518
6.850000,235.225,234.919495,97,96.9046631,0.305505371,0.0953369141,0.107846215,-0.071985431,0.0427557677,0.000459433679,-0.000659110607,0.000284819573
6.860000,236.196,235.897537,97.2,97.1065292,0.298462769,0.0934707642,0.107268207,-0.0719916821,0.0427553095,0.000459575793,-0.000659119338,0.000284747774
6.870000,237.169,236.879807,97.4,97.3101425,0.289193481,0.0898574829,0.106532499,-0.0719997659,0.0427547358,0.000459757983,-0.000659130397,0.000284655718
6.880000,238.144,237.862701,97.6,97.5142975,0.281298584,0.0857025146,0.105898596,-0.072006844,0.0427542478,0.000459916075,-0.000659139885,0.000284575828
6.890000,239.121,238.843246,97.8,97.7156067,0.27775354,0.0843933105,0.105580784,-0.0720104501,0.0427540056,0.000459995907,-0.000659144658,0.00028453549
6.900000,240.1,239.83432,98,97.9271698,0.265679932,0.0728302002,0.102959432,-0.0621159188,0.0431362912,0.000295189093,-0.000619493658,0.000481078285
6.910000,241.081,240.826385,98.2,98.1325607,0.254614502,0.06743927,0.102127194,-0.0621245801,0.043135643,0.000295381295,-0.000619506638,0.000480981224
6.920000,242.064,241.810699,98.4,98.3339081,0.253300537,0.0660919189,0.101986535,-0.0621260703,0.043135535,0.000295414036,-0.00061950885,0.000480964693
6.930000,243.049,242.805878,98.6,98.5376587,0.243122314,0.0623413086,0.10121984,-0.0621343292,0.0431349538,0.000295593811,-0.000619520724,0.000480873889
6.940000,244.036,243.791946,98.8,98.7360458,0.244053589,0.0639541626,0.101241641,-0.0621340908,0.0431349687,0.000295588659,-0.000619520375,0.000480876479
6.950000,245.025,244.767395,99,98.9312897,0.25760498,0.0687103271,0.102154493,-0.0622390322,0.0408950485,0.000242241396,-0.000672826136,0.000478978851
6.960000,246.016,245.760178,99.2,99.1317368,0.255822388,0.0682632446,0.10197901,-0.0622410178,0.0408949219,0.000242283495,-0.000672828814,0.000478957605
6.970000,247.009,246.758057,99.4,99.3347778,0.250943359,0.065222168,0.10158582,-0.0622455366,0.0408946425,0.000242378504,-0.000672834809,0.000478909642
6.980000,248.004,247.753632,99.6,99.5369949,0.250368408,0.0630050659,0.101499304,-0.0622465461,0.0408945829,0.000242399561,-0.000672836148,0.000478899019
6.990000,249.001,248.747086,99.8,99.7359009,0.253914429,0.0640991211,0.101707354,-0.06224408,0.0408947244,0.000242348557,-0.000672833005,0.000478924776
7.000000,250,249.730148,100,99.9279785,0.269851685,0.0720214844,0.103137933,-0.0618297793,0.0401465669,9.65711079e-05,-0.000574629637,0.000493902422
7.010000,250.99951,250.732544,99.9019335,99.831604,0.266965722,0.0703294945,0.102887586,-0.0618325137,0.0401463881,9.66276421e-05,-0.000574633596,0.0004938739
7.020000,251.998039,251.723984,99.803867,99.7321243,0.274054905,0.0717426682,0.103331007,-0.0618275888,0.0401466973,9.65267172e-05,-0.000574626669,0.000493924832
7.030000,252.995587,252.734634,99.7058005,99.6392975,0.260952608,0.0665030098,0.102370858,-0.0618384369,0.0401460379,9.67469532e-05,-0.000574641628,0.000493813714
7.040000,253.992155,253.735596,99.607734,99.5437012,0.256558977,0.0640328217,0.102019563,-0.0618424714,0.0401457995,9.68281529e-05,-0.0005746471,0.000493772735
7.050000,254.987742,254.734283,99.5096675,99.4469986,0.25345824,0.0626688957,0.101761267,-0.0615896769,0.0418355875,0.000296327169,-0.000535768457,0.000498045934
7.060000,255.982348,255.734802,99.411601,99.3512573,0.247545784,0.0603436661,0.101307489,-0.0615950599,0.0418352894,0.000296433689,-0.000535775442,0.000497992209
7.070000,256.975974,256.738586,99.3135345,99.2566605,0.237387281,0.0568740273,0.100559101,-0.0616040826,0.0418348052,0.000296610699,-0.000535786967,0.000497902918
7.080000,257.968619,257.739166,99.215468,99.1623993,0.22945246,0.0530686951,0.099966675,-0.0616113357,0.0418344289,0.000296751881,-0.000535796047,0.00049783173
7.090000,258.960283,258.734528,99.1174015,99.0651245,0.225755479,0.0522769737,0.0996729806,-0.0616149902,0.0418342464,0.0002968224,-0.000535800529,0.000497796165
7.100000,259.950967,259.750977,99.019335,98.979454,0.199990187,0.0398809433,0.0974092856,-0.0533562154,0.0390451998,0.000100422658,-0.000499627437,0.000634133175
7.110000,260.94067,260.749756,98.9212685,98.8855896,0.190913907,0.0356788826,0.0967635289,-0.0533635803,0.0390447862,0.000100565245,-0.000499637623,0.000634061289
7.120000,261.929392,261.736847,98.823202,98.7857056,0.192545195,0.0374964142,0.0968518853,-0.0533625558,0.0390448421,0.000100545578,-0.000499636226,0.000634071184
7.130000,262.917134,262.712402,98.7251355,98.6837158,0.204731462,0.0414196587,0.097657904,-0.0533530489,0.0390453413,0.000100364756,-0.000499623595,0.000634162338
7.140000,263.903895,263.685547,98.627069,98.5811386,0.218347953,0.0459303665,0.0985591337,-0.0533422455,0.0390458927,0.000100160978,-0.000499609509,0.000634265016
7.150000,264.889675,264.658325,98.5290025,98.4777451,0.23134999,0.0512574196,0.0994151086,-0.0534884669,0.0388740636,-5.28224518e-05,-0.000503408548,0.000631762319
7.160000,265.874475,265.652863,98.430936,98.3824463,0.221612329,0.0484896851,0.0987156779,-0.0534971207,0.0388736501,-5.26617878e-05,-0.000503419433,0.000631681352
7.170000,266.858294,266.631195,98.3328695,98.2831345,0.227098837,0.0497350121,0.0990579575,-0.0534928218,0.0388738476,-5.2741023e-05,-0.000503414136,0.000631721283
7.180000,267.841132,267.622284,98.234803,98.18927,0.218848332,0.0455329514,0.0984599143,-0.0535004474,0.0388735048,-5.26015174e-05,-0.000503423391,0.000631651026
7.190000,268.82299,268.590363,98.1367365,98.0865784,0.232627416,0.0501581001,0.0993710384,-0.0534886606,0.0388740189,-5.28156852e-05,-0.000503409305,0.000631758885
7.200000,269.803867,269.559753,98.03867,97.9838715,0.244113579,0.0547985077,0.100002989,-0.0368295684,0.0376943089,-0.000380680925,-0.000452838431,0.000854252896
7.210000,270.783763,270.54306,97.9406035,97.8897324,0.240703061,0.0508711052,0.0997364596,-0.03683272,0.0376941562,-0.000380623474,-0.000452842651,0.000854223967
7.220000,271.762679,271.526978,97.842537,97.7919769,0.235701527,0.0505600357,0.0993688852,-0.0368371382,0.0376939476,-0.000380543584,-0.000452848471,0.000854183745
7.230000,272.740614,272.509552,97.7444705,97.6948242,0.231062101,0.049646244,0.0990224704,-0.0368413664,0.0376937538,-0.000380467682,-0.000452853943,0.000854145503
7.240000,273.717568,273.485535,97.646404,97.5948944,0.232033807,0.051509552,0.0990556851,-0.0368409567,0.0376937725,-0.000380475016,-0.000452853419,0.00085414917
7.250000,274.693542,274.459167,97.5483375,97.4957504,0.234374702,0.0525870323,0.0991780609,-0.0368390754,0.0362273604,-0.000332418509,-0.000485369557,0.000854275655
7.260000,275.668535,275.43573,97.450271,97.3982697,0.232805244,0.0520013046,0.0990372375,-0.036840871,0.0362272859,-0.000332386902,-0.000485371769,0.000854259764
7.270000,276.642548,276.409363,97.3522045,97.3002319,0.233184809,0.0519725227,0.0990262181,-0.0368410125,0.0362272784,-0.000332384399,-0.000485371944,0.000854258484
7.280000,277.615579,277.387543,97.254138,97.2047577,0.228036589,0.0493802643,0.0986448154,-0.0368460193,0.036227081,-0.000332297437,-0.00048537791,0.000854214712
7.290000,278.58763,278.356079,97.1560715,97.105835,0.231551259,0.0502364922,0.0988481939,-0.036843311,0.0362271853,-0.000332344178,-0.000485374738,0.000854238227
7.300000,279.558701,279.363831,97.058005,97.0285645,0.194870176,0.0294404984,0.0940940976,-0.0115145445,0.0416937247,-0.000686510233,-0.000482172851,0.001148134
7.310000,280.52879,280.341492,96.9599384,96.9343033,0.187298761,0.0256351662,0.0935748369,-0.0115208467,0.0416934602,-0.000686401152,-0.000482181145,0.00114807917
7.320000,281.4979,281.322388,96.8618719,96.8420639,0.175511816,0.0198080444,0.0927801356,-0.011530634,0.0416930616,-0.000686232874,-0.000482193835,0.00114799454
7.330000,282.466028,282.309845,96.7638054,96.750412,0.156182928,0.0133934593,0.0914927274,-0.0115467189,0.0416924283,-0.000685958017,-0.000482214353,0.00114785624
7.340000,283.433176,283.264648,96.6657389,96.6485977,0.168527183,0.0171412277,0.0922979936,-0.0115365144,0.0416928194,-0.00068613136,-0.000482201547,0.00114794343
7.350000,284.399343,284.235992,96.5676724,96.5519333,0.163350246,0.0157391548,0.0919458345,-0.0115010748,0.0429449528,-0.000671388872,-0.000454767171,0.00114864856
7.360000,285.364529,285.191833,96.4696059,96.4508286,0.172695573,0.0187773895,0.0925515667,-0.0114931837,0.042945236,-0.000671521353,-0.000454757595,0.00114871527
7.370000,286.328735,286.150879,96.3715394,96.352066,0.17785589,0.0194734001,0.0928802341,-0.0114888437,0.042945385,-0.000671593822,-0.000454752415,0.0011487517
7.380000,287.29196,287.115662,96.2734729,96.2539597,0.176298237,0.0195132828,0.0927658007,-0.0114903748,0.0429453328,-0.000671568385,-0.000454754219,0.0011487389
7.390000,288.254204,288.086395,96.1754064,96.1598511,0.167808992,0.0155553627,0.0921925679,-0.0114981486,0.0429450795,-0.000671439979,-0.000454763242,0.00114867429
7.400000,289.215468,289.076477,96.0773399,96.0795212,0.138990936,-0.0021812439,0.0881947801,-0.0249702316,0.0433912091,-0.000496780733,-0.000435199006,0.00101122784
7.410000,290.175751,290.036163,95.9792734,95.9814758,0.139587724,-0.00220239639,0.0882335529,-0.0249697529,0.0433912277,-0.000496788649,-0.000435198395,0.0010112318
7.420000,291.135053,290.996521,95.8812069,95.883934,0.13853246,-0.00272708893,0.088166289,-0.0249705929,0.0433911979,-0.000496774795,-0.000435199472,0.00101122481
7.430000,292.093375,291.954346,95.7831404,95.7857971,0.139029489,-0.00265668869,0.0881994888,-0.024970172,0.0433912128,-0.000496781664,-0.000435198948,0.00101122831
7.440000,293.050716,292.904022,95.6850739,95.685051,0.146694048,2.29644775e-05,0.0886987001,-0.0249637607,0.0433914214,-0.000496886089,-0.000435190945,0.00101128081
7.450000,294.007077,293.8508,95.5870074,95.5840988,0.156277111,0.0029086113,0.0893206149,-0.0248515457,0.043855045,-0.000361158163,-0.00042513074,0.00101338362
7.460000,294.962456,294.819916,95.4889409,95.4904556,0.142540641,-0.00151470184,0.0884288251,-0.0248633102,0.0438546874,-0.000360968552,-0.000425144943,0.00101328827
7.470000,295.916855,295.761047,95.3908744,95.3855515,0.155808126,0.00532297134,0.0892899111,-0.0248518009,0.0438550264,-0.000361153099,-0.000425131235,0.00101338106
7.480000,296.870274,296.708771,95.2928079,95.2857361,0.161503149,0.00707183838,0.0896567777,-0.0248468332,0.0438551679,-0.000361232349,-0.000425125414,0.00101342087
7.490000,297.822712,297.666168,95.1947414,95.1886978,0.156543435,0.0060436058,0.0893311128,-0.0248512998,0.043855045,-0.000361161423,-0.000425130565,0.00101338525
7.500000,298.774169,298.620117,95.0966749,95.0941925,0.154051542,0.00248241425,0.088383995,-0.0116432412,0.0432088897,-0.000673211645,-0.000418331707,0.00113535742
7.510000,299.724645,299.577698,94.9986084,94.9978027,0.146947393,0.000805683136,0.0879294351,-0.0116488775,0.0432087183,-0.000673121714,-0.000418339041,0.00113531225
7.520000,300.674141,300.525787,94.9005419,94.8973694,0.148353545,0.00317253113,0.0880186856,-0.0116477553,0.0432087518,-0.000673139526,-0.000418337615,0.00113532122
7.530000,301.622656,301.479858,94.8024754,94.8013916,0.142797586,0.00108381271,0.0876622275,-0.011652302,0.0432086214,-0.000673067872,-0.000418343348,0.00113528525
7.540000,302.57019,302.414429,94.7044089,94.6972809,0.155761695,0.00712802887,0.0884883329,-0.0116416151,0.0432089157,-0.000673235336,-0.000418330077,0.00113536941
7.550000,303.516744,303.356262,94.6063424,94.5980225,0.160481956,0.0083199501,0.08878465,-0.0114818588,0.0439302735,-0.000432040077,-0.000402717065,0.0011388011
7.560000,304.462317,304.292786,94.5082759,94.4960022,0.16953161,0.0122737122,0.0893571079,-0.011474248,0.0439304672,-0.000432157976,-0.000402707898,0.00113886036
7.570000,305.40691,305.242157,94.4102094,94.3992996,0.164752699,0.0109097862,0.0890432596,-0.0114784762,0.0439303629,-0.000432092813,-0.000402712933,0.00113882765
7.580000,306.350521,306.181915,94.3121429,94.2984161,0.16860616,0.0137267685,0.0892827883,-0.0114752073,0.0439304411,-0.00043214293,-0.000402709091,0.00113885279
7.590000,307.293153,307.119507,94.2140764,94.1984863,0.173645703,0.0155900764,0.0895955339,-0.0114708832,0.043930538,-0.000432208879,-0.000402704085,0.00113888597
7.600000,308.234803,308.056793,94.1160099,94.0979996,0.178009758,0.0180103302,0.0899761468,-0.00426300755,0.0353231654,-0.000572120829,-0.00035745342,0.00120304164
7.610000,309.175473,309.014893,94.0179434,94.0048599,0.160580159,0.013083477,0.0888733789,-0.00427672826,0.0353228226,-0.000571909943,-0.00035747129,0.0012029357
7.620000,310.115162,309.955627,93.9198769,93.906311,0.159534398,0.0135658646,0.0888002142,-0.00427765073,0.0353228003,-0.000571895856,-0.000357472483,0.0012029286
7.630000,311.05387,310.897034,93.8218104,93.8083038,0.156836584,0.0135065651,0.0886221379,-0.00427992688,0.0353227481,-0.000571861281,-0.000357475365,0.00120291125
7.640000,311.991598,311.832977,93.7237439,93.7094879,0.158620752,0.0142559814,0.0887251347,-0.00427859277,0.0353227779,-0.000571881479,-0.000357473706,0.00120292138
7.650000,312.928345,312.757904,93.6256774,93.6079788,0.170441101,0.0176985741,0.0894572437,-0.00425590249,0.0354499929,-0.000546396768,-0.000354703865,0.00120336399
7.660000,313.864112,313.694824,93.5276109,93.5093384,0.169287376,0.0182725143,0.0893736407,-0.00425701262,0.0354499705,-0.000546380121,-0.000354705204,0.00120335561
7.670000,314.798897,314.618561,93.4295444,93.4071655,0.18033658,0.0223788643,0.0900540873,-0.00424786378,0.0354501456,-0.000546516676,-0.000354694319,0.00120342418
7.680000,315.732702,315.546356,93.3314779,93.3072052,0.186346281,0.0242726898,0.0904170498,-0.00424292404,0.035450235,-0.000546590076,-0.000354688527,0.00120346108
7.690000,316.665527,316.463104,93.2334114,93.2028275,0.202422681,0.0305839348,0.0914109349,-0.00422923313,0.0354504734,-0.000546792638,-0.000354672695,0.00120356283
7.700000,317.597371,317.366516,93.1353449,93.0932465,0.230854597,0.0420984268,0.0935086086,-0.0156540573,0.0350974798,-0.000350173534,-0.000367820758,0.00111466169
7.710000,318.528234,318.292786,93.0372784,92.9915848,0.235448182,0.0456936073,0.093767032,-0.0156508591,0.0350975432,-0.000350221235,-0.000367816567,0.00111468567
7.720000,319.458116,319.226166,92.9392119,92.8930511,0.231950507,0.0461607361,0.0935230926,-0.0156539157,0.0350974873,-0.000350175862,-0.000367820525,0.00111466285
7.730000,320.387018,320.159943,92.8411454,92.7978363,0.227075437,0.0433090782,0.0931936875,-0.0156580973,0.0350974128,-0.000350114104,-0.000367825851,0.00111463189
7.740000,321.314939,321.09436,92.7430789,92.7018738,0.220578834,0.041205101,0.0927661657,-0.015663594,0.0350973234,-0.000350033311,-0.000367832748,0.00111459137
7.750000,322.24188,322.014709,92.6450124,92.6016235,0.227170169,0.0433888435,0.0931464732,-0.0157064218,0.0335518681,-0.000408831635,-0.00040161112,0.00111330673
7.760000,323.167839,322.940094,92.5469459,92.5046616,0.227745439,0.042284317,0.0931549594,-0.01570631,0.0335518681,-0.000408833264,-0.000401610974,0.00111330755
7.770000,324.092819,323.870422,92.4488794,92.4089127,0.222396196,0.0399667168,0.0927999392,-0.0157110486,0.0335518047,-0.000408764579,-0.000401616649,0.00111327309
7.780000,325.016817,324.81012,92.3508129,92.3163834,0.206697392,0.034429512,0.0918073356,-0.0157244597,0.0335516334,-0.000408571068,-0.000401632453,0.001113176
7.790000,325.939835,325.721405,92.2527464,92.2152481,0.218429788,0.0374982643,0.0925097987,-0.0157148559,0.0335517488,-0.000408709078,-0.000401621306,0.00111324526
7.800000,326.861872,326.647186,92.1546799,92.1185684,0.214685669,0.0361114502,0.0922699273,0.0101114893,0.0329690613,-0.000965420273,-0.00038623609,0.00130015251
7.810000,327.782928,327.576752,92.0566134,92.0247421,0.206176705,0.0318712425,0.091732271,0.0101049077,0.0329689719,-0.000965324638,-0.000386244763,0.00130010454
7.820000,328.703004,328.49585,91.9585469,91.9269562,0.207154606,0.0315906906,0.0917731375,0.0101054143,0.0329689793,-0.000965331972,-0.000386244094,0.00130010827
7.830000,329.622099,329.408966,91.8604804,91.8268356,0.213133287,0.0336447334,0.0921171755,0.0101097319,0.0329690278,-0.000965394138,-0.000386238564,0.00130013947
7.840000,330.540214,330.324554,91.7624139,91.7293167,0.21565938,0.0330971527,0.092250973,0.0101114316,0.0329690464,-0.000965418469,-0.00038623641,0.00130015169
7.850000,331.457348,331.242371,91.6643474,91.6315765,0.214977024,0.0327708244,0.0921883807,0.0100193974,0.0311586838,-0.00113403553,-0.00042609495,0.001297515
7.860000,332.373501,332.161255,91.5662809,91.5331421,0.212245887,0.0331387711,0.0920025781,0.0100169796,0.0311586615,-0.00113400118,-0.000426097919,0.00129749777
7.870000,333.288673,333.069489,91.4682144,91.4330673,0.219184721,0.0351470375,0.0924050212,0.0100222779,0.0311587043,-0.00113407616,-0.000426091516,0.00129753537
7.880000,334.202865,333.978119,91.3701479,91.3322144,0.224746161,0.0379335022,0.0927220136,0.0100265006,0.031158736,-0.00113413564,-0.000426086481,0.00129756529
7.890000,335.116076,334.907257,91.2720814,91.2390137,0.208819123,0.0330676842,0.0917335749,0.010013178,0.0311586466,-0.00113394868,-0.000426102139,0.00129747146
7.900000,336.028307,335.829102,91.1740149,91.1416473,0.199205122,0.0323675156,0.0916555524,-0.0110739199,0.032168664,-0.000720612297,-0.000509875186,0.00115271262
7.910000,336.939557,336.757324,91.0759484,91.0505295,0.182232282,0.0254188728,0.0906232074,-0.0110863512,0.0321685709,-0.000720435404,-0.000509891775,0.00115262391
7.920000,337.849826,337.684906,90.9778819,90.9598618,0.164919646,0.0180200958,0.0895745456,-0.0110991327,0.0321684852,-0.00072025432,-0.000509908597,0.00115253311
7.930000,338.759114,338.595215,90.8798153,90.8625259,0.163899294,0.0172894096,0.0895031095,-0.0111000137,0.0321684815,-0.000720241864,-0.000509909762,0.00115252682
7.940000,339.667422,339.507935,90.7817488,90.7682724,0.159487388,0.0134764481,0.089229688,-0.011103427,0.0321684629,-0.000720193959,-0.000509914127,0.00115250272
7.950000,340.574749,340.421112,90.6836823,90.6708145,0.153637054,0.0128678322,0.0888732597,-0.0111002391,0.0320672914,-0.00062205689,-0.000512196159,0.00115358387
7.960000,341.481096,341.333069,90.5856158,90.5742416,0.148026758,0.0113742065,0.0885305628,-0.0111046219,0.0320672765,-0.000621995889,-0.000512201572,0.00115355325
7.970000,342.386461,342.232635,90.4875493,90.473526,0.153825933,0.0140233421,0.088869378,-0.0111002391,0.0320672877,-0.000622056657,-0.000512196217,0.00115358375
7.980000,343.290847,343.143036,90.3894828,90.3774338,0.147810704,0.0120490646,0.0885013789,-0.0111050541,0.0320672765,-0.000621990184,-0.000512202037,0.00115355046
7.990000,344.194251,344.048065,90.2914163,90.2796555,0.146185903,0.0117608833,0.0883971974,-0.0111064324,0.0320672765,-0.000621971209,-0.000512203667,0.00115354091
8.000000,345.096675,344.95105,90.1933498,90.1845398,0.145625114,0.00881004333,0.0881967917,-0.0360801406,0.0354655981,-0.00018558836,-0.000555063074,0.000994516071
8.010000,345.998118,345.841309,90.0952833,90.0808182,0.156809491,0.0144651604,0.0888483226,-0.0360724479,0.0354656093,-0.000185695942,-0.000555052655,0.000994570088
8.020000,346.898581,346.735474,89.9972168,89.9800873,0.163106953,0.0171295547,0.0892106295,-0.0360681191,0.035465613,-0.000185756231,-0.000555046892,0.000994600356
8.030000,347.798062,347.651062,89.8991503,89.8883362,0.14700041,0.0108141518,0.0882561654,-0.0360796563,0.035465613,-0.000185596218,-0.000555062084,0.000994520029
8.040000,348.696564,348.560852,89.8010838,89.7946854,0.135711542,0.00639846802,0.0875871256,-0.0360878408,0.0354656205,-0.000185483223,-0.000555072736,0.000994463335
8.050000,349.594084,349.462372,89.7030173,89.6979752,0.131712272,0.00504217148,0.0873479545,-0.0360954367,0.0353431404,-0.000390034227,-0.00055778824,0.000991989742
8.060000,350.490624,350.356659,89.6049508,89.5998077,0.133965004,0.00514308929,0.0874776319,-0.0360938124,0.0353431366,-0.000390056462,-0.000557786203,0.000992000918
8.070000,351.386183,351.261841,89.5068843,89.5039139,0.124342295,0.00297044754,0.0869102031,-0.0361009985,0.0353431553,-0.00038995847,-0.000557795167,0.000991951791
8.080000,352.280762,352.159637,89.4088178,89.407135,0.121124174,0.00168281555,0.0867199153,-0.0361034349,0.0353431627,-0.00038992535,-0.000557798194,0.000991935143
8.090000,353.174359,353.048767,89.3107513,89.3079605,0.125592382,0.00279081345,0.0869814754,-0.0361000486,0.0353431515,-0.000389971188,-0.000557794061,0.000991958193
8.100000,354.066977,353.93576,89.2126848,89.2069626,0.131216154,0.00572223663,0.0876314789,-0.069229342,0.0354117826,5.03104711e-05,-0.000569015101,0.000790083781
8.110000,354.958613,354.822601,89.1146183,89.1064987,0.136011849,0.0081196022,0.0879050717,-0.0692261904,0.0354117677,5.02668081e-05,-0.000569010735,0.000790105667
8.120000,355.849269,355.712646,89.0165518,89.0077515,0.136622534,0.008800354,0.0879350454,-0.0692258403,0.0354117677,5.02619914e-05,-0.00056901027,0.000790108112
8.130000,356.738944,356.589203,88.9184853,88.9036407,0.149741323,0.0148445702,0.0886884853,-0.0692169368,0.0354117192,5.01400136e-05,-0.000568998337,0.000790169288
8.140000,357.627639,357.482422,88.8204188,88.8086624,0.14521685,0.0117564011,0.0884185657,-0.0692201629,0.0354117379,5.01840223e-05,-0.000569002586,0.000790147227
8.150000,358.515353,358.387878,88.7223523,88.7175674,0.127474163,0.00478487015,0.0873862505,-0.0692313835,0.0355065987,5.72484969e-05,-0.000566849834,0.000790177728
8.160000,359.402086,359.277557,88.6242858,88.6196899,0.124528398,0.00459587097,0.0872132257,-0.0692335069,0.0355066136,5.72770987e-05,-0.00056685257,0.000790163409
8.170000,360.287838,360.164703,88.5262193,88.5208664,0.123134928,0.00535291672,0.087129727,-0.0692345425,0.035506621,5.72909958e-05,-0.000566853909,0.000790156424
8.180000,361.17261,361.061951,88.4281528,88.4272232,0.110659474,0.000929603577,0.086407505,-0.0692436174,0.0355066955,5.74120022e-05,-0.000566865318,0.000790095772
8.190000,362.056401,361.94928,88.3300863,88.3313828,0.107121568,-0.00129644394,0.0862031877,-0.0692462176,0.0355067179,5.74464611e-05,-0.000566868519,0.000790078484
8.200000,362.939212,362.813232,88.2320198,88.2260742,0.125979462,0.00594558716,0.0873263404,-0.068252936,0.0394987985,-5.77683495e-05,-0.000576394203,0.000794832478
8.210000,363.821042,363.694885,88.1339533,88.1261215,0.126156495,0.00783178329,0.0873337016,-0.068252854,0.0394987985,-5.77694846e-05,-0.000576394086,0.00079483306
8.220000,364.701891,364.583405,88.0358868,88.0299454,0.118486409,0.00594142914,0.0868930072,-0.0682579055,0.0394988507,-5.77011087e-05,-0.000576401071,0.000794798776
8.230000,365.581759,365.458466,87.9378203,87.9301605,0.123293909,0.00765977859,0.0871631578,-0.0682547688,0.0394988172,-5.77432947e-05,-0.000576396822,0.000794819905
8.240000,366.460647,366.341553,87.8397538,87.835022,0.119094621,0.00473182678,0.0869192779,-0.0682576373,0.0394988507,-5.7704965e-05,-0.000576400664,0.000794800697
8.250000,367.338555,367.217834,87.7416873,87.7359238,0.120720088,0.00576353073,0.0870095938,-0.0682504922,0.0396797843,-8.58740314e-05,-0.000572174496,0.000794528634
8.260000,368.215481,368.090332,87.6436208,87.6361084,0.12514907,0.00751239777,0.0872581974,-0.0682474896,0.0396797471,-8.5913598e-05,-0.000572170597,0.000794548483
8.270000,369.091427,368.967285,87.5455543,87.5380249,0.124141821,0.00752939224,0.0871972889,-0.0682482347,0.0396797583,-8.5903841e-05,-0.000572171528,0.000794543594
8.280000,369.966392,369.842163,87.4474878,87.4398727,0.124229102,0.00761505127,0.0871972889,-0.0682482347,0.0396797583,-8.5903841e-05,-0.000572171528,0.000794543594
8.290000,370.840377,370.705963,87.3494213,87.3374023,0.134413598,0.0120189476,0.0877716243,-0.06824103,0.0396796614,-8.59969587e-05,-0.000572162506,0.000794590276
8.300000,371.713381,371.575073,87.2513548,87.2353516,0.138307371,0.0160032272,0.0885107294,-0.0747192875,0.0434345789,-0.000213780804,-0.000600841537,0.000757138769
8.310000,372.585404,372.438843,87.1532883,87.1332932,0.146561055,0.0199951363,0.0889638513,-0.074714236,0.0434345007,-0.00021384834,-0.000600834377,0.000757172646
8.320000,373.456446,373.309845,87.0552218,87.0353317,0.146601408,0.0198900604,0.0889551193,-0.0747143328,0.0434345007,-0.00021384703,-0.000600834494,0.000757172005
8.330000,374.326508,374.16568,86.9571553,86.9330521,0.160828333,0.0241032219,0.0897410363,-0.0747053325,0.0434343554,-0.000213965468,-0.000600822154,0.000757231377
8.340000,375.195589,375.035706,86.8590888,86.834404,0.159883918,0.0246847916,0.0896749571,-0.0747060999,0.0434343666,-0.000213955456,-0.000600823201,0.000757226371
8.350000,376.06369,375.902618,86.7610223,86.7362747,0.161071632,0.0247475624,0.0897280276,-0.0746908486,0.043087393,-0.000381599821,-0.00060901948,0.000755073968
8.360000,376.93081,376.768372,86.6629558,86.6386642,0.162438348,0.0242915344,0.0897920504,-0.0746900886,0.0430873781,-0.000381609629,-0.000609018491,0.000755078858
8.370000,377.796949,377.618652,86.5648893,86.5353165,0.178296812,0.0295728111,0.0906670168,-0.0746795088,0.0430871882,-0.000381744263,-0.00060900487,0.00075514632
8.380000,378.662108,378.486206,86.4668228,86.4392014,0.175901661,0.0276214218,0.0905165449,-0.0746813491,0.0430872217,-0.00038172098,-0.000609007198,0.000755134679
8.390000,379.526286,379.346527,86.3687563,86.3379974,0.179758512,0.0307588387,0.0907158703,-0.0746788755,0.043087177,-0.000381751976,-0.000609004113,0.00075515022
8.400000,380.389483,380.214691,86.2706898,86.2369919,0.174791679,0.0336978912,0.0914166942,-0.0790697858,0.0458928309,-0.000424292637,-0.000650102796,0.000732024724
8.410000,381.251699,381.092316,86.1726233,86.1435165,0.159383733,0.0291067314,0.0905477926,-0.0790793672,0.0458930284,-0.000424167782,-0.000650116417,0.000731962151
8.420000,382.112935,381.968414,86.0745568,86.0486526,0.144521,0.0259041214,0.0897125527,-0.0790887102,0.0458932221,-0.000424047234,-0.000650129514,0.000731901731
8.430000,382.973191,382.836456,85.9764903,85.9506149,0.136734243,0.0258753395,0.0892662182,-0.0790937766,0.0458933301,-0.000423982507,-0.000650136499,0.00073186931
8.440000,383.832465,383.688904,85.8784238,85.8503799,0.143561304,0.0280438232,0.0896272361,-0.0790896267,0.0458932407,-0.000424035097,-0.000650130853,0.000731895678
8.450000,384.690759,384.559479,85.7803573,85.7556152,0.131280258,0.0247420311,0.0889339969,-0.079100199,0.0464603901,-0.000307366194,-0.000636416778,0.000733430439
8.460000,385.548072,385.421417,85.6822908,85.6591034,0.126655021,0.0231873703,0.0886653662,-0.079103373,0.0464604609,-0.000307326729,-0.000636420911,0.000733410649
8.470000,386.404405,386.279724,85.5842243,85.5627365,0.124680712,0.021487751,0.0885446742,-0.0791048184,0.0464604944,-0.000307308917,-0.000636422774,0.000733401743
8.480000,387.259757,387.133514,85.4861578,85.4614487,0.126242339,0.0247090912,0.0886170417,-0.0791039392,0.0464604758,-0.000307319628,-0.000636421668,0.000733407098
8.490000,388.114128,387.995697,85.3880913,85.3661346,0.118430966,0.0219566154,0.0881728828,-0.0791094154,0.0464606024,-0.000307253591,-0.00063642842,0.000733374036
8.500000,388.967519,388.84082,85.2900248,85.2629776,0.126698256,0.0270471573,0.0888105333,-0.0947851092,0.0477059484,-0.000152859837,-0.000656878168,0.00065728242
8.510000,389.819928,389.705963,85.1919583,85.1692123,0.113965348,0.0227459145,0.0881055444,-0.0947928429,0.0477061495,-0.000152762412,-0.000656889053,0.000657233584
8.520000,390.671358,390.547638,85.0938918,85.0674362,0.123719794,0.0264555359,0.0886229575,-0.0947870836,0.0477060005,-0.000152834138,-0.000656881079,0.000657269498
8.530000,391.521806,391.408051,84.9958253,84.9733505,0.113755781,0.0224747276,0.088068679,-0.0947933421,0.0477061681,-0.000152757071,-0.000656889577,0.000657230907
8.540000,392.371274,392.263947,84.8977588,84.8774872,0.107327705,0.0202715683,0.0877076909,-0.0947974771,0.0477062799,-0.000152706736,-0.000656895048,0.000657205703
8.550000,393.219761,393.12796,84.7996922,84.7839508,0.0918012881,0.0157414436,0.0868532509,-0.0948394686,0.0462471433,-0.000156294831,-0.000693117094,0.000656734919
8.560000,394.067268,393.97937,84.7016257,84.6880646,0.087897966,0.0135611725,0.0866328105,-0.0948420689,0.0462472141,-0.000156263908,-0.000693120412,0.000656719436
8.570000,394.913794,394.820282,84.6035592,84.587738,0.0935120257,0.015821209,0.0869303122,-0.0948385075,0.0462471172,-0.000156305745,-0.00069311593,0.000656740391
8.580000,395.759339,395.677612,84.5054927,84.4934387,0.0817269634,0.0120540237,0.0862832442,-0.0948463678,0.046247337,-0.00015621449,-0.000693125592,0.000656694698
8.590000,396.603904,396.522491,84.4074262,84.3947601,0.081412408,0.012666111,0.086260356,-0.094846651,0.0462473445,-0.000156211259,-0.000693125941,0.000656693068
8.600000,397.447488,397.374634,84.3093597,84.3001633,0.0728540039,0.00919647217,0.0857674032,-0.0925102755,0.04601641,5.64936563e-05,-0.000698062184,0.000670960872
8.610000,398.290091,398.222443,84.2112932,84.2040024,0.0676484309,0.00729085922,0.0854841247,-0.0925133899,0.0460165069,5.65310293e-05,-0.000698066433,0.000670942129
8.620000,399.131714,399.053467,84.1132267,84.1021194,0.0782468609,0.0111072922,0.0860476047,-0.0925071016,0.0460163094,5.64565707e-05,-0.000698057993,0.00067097944
8.630000,399.972356,399.882965,84.0151602,83.9994965,0.0893905047,0.0156637764,0.086638689,-0.0925004035,0.0460160971,5.63783397e-05,-0.000698049203,0.000671018614
8.640000,400.812017,400.717255,83.9170937,83.8979645,0.0947622238,0.0191292572,0.0869168937,-0.0924972072,0.0460159965,5.63414578e-05,-0.000698045071,0.000671037065
8.650000,401.650697,401.544891,83.8190272,83.7952881,0.10580611,0.0237391472,0.0874971747,-0.092521593,0.0455863811,0.000170555068,-0.000708969834,0.000672450056
8.660000,402.488397,402.37381,83.7209607,83.6943817,0.114587593,0.0265790176,0.087954253,-0.0925161839,0.045586206,0.000170494284,-0.000708963198,0.000672480499
8.670000,403.325117,403.225647,83.6228942,83.6027985,0.0994697093,0.020095768,0.08713229,-0.0925260633,0.0455865264,0.0001706037,-0.000708975072,0.000672425725
8.680000,404.160855,404.049316,83.5248277,83.5008621,0.111538885,0.0239656067,0.0877658874,-0.0925183371,0.0455862731,0.000170519299,-0.000708965992,0.000672467984
8.690000,404.995613,404.881134,83.4267612,83.4016037,0.114479203,0.0251575279,0.087911427,-0.092516534,0.0455862135,0.000170499887,-0.000708963897,0.000672477705
8.700000,405.829391,405.690094,83.3286947,83.2930756,0.139296522,0.0356191635,0.0896126628,-0.106185816,0.0469182879,0.000321068568,-0.000632194162,0.000615899509
8.710000,406.662187,406.528809,83.2306282,83.196579,0.133378537,0.0340492439,0.089282006,-0.106189474,0.0469184183,0.000321109983,-0.000632198935,0.000615878787
8.720000,407.494003,407.355377,83.1325617,83.0957642,0.138625883,0.0367975616,0.0895414874,-0.106186561,0.046918314,0.000321077474,-0.00063219521,0.000615895027
8.730000,408.324838,408.180939,83.0344952,82.9953384,0.143899645,0.0391567802,0.0898001716,-0.106183611,0.0469182059,0.000321045081,-0.000632191484,0.000615911267
8.740000,409.154693,409.007416,82.9364287,82.8952713,0.147277214,0.0411574173,0.0899570286,-0.106181793,0.0469181389,0.000321025436,-0.000632189272,0.000615921104
8.750000,409.983567,409.835907,82.8383622,82.7967758,0.147659957,0.0415863991,0.0899554417,-0.106177166,0.0463194922,0.000253192353,-0.000647789682,0.000614865159
8.760000,410.81146,410.665436,82.7402957,82.6992645,0.146024438,0.041031189,0.0898476243,-0.106178455,0.0463195406,0.000253205828,-0.000647791196,0.000614858407
8.770000,411.638373,411.497253,82.6422292,82.6035004,0.141119436,0.0387288475,0.0895681381,-0.106181845,0.0463196635,0.000253240665,-0.000647795037,0.000614841003
8.780000,412.464305,412.325073,82.5441627,82.50634,0.139231572,0.0378226852,0.0894494355,-0.106183305,0.0463197157,0.00025325545,-0.000647796667,0.000614833611
8.790000,413.289256,413.155029,82.4460962,82.4094238,0.134226812,0.0366723824,0.0891662836,-0.106186844,0.0463198461,0.000253290666,-0.000647800509,0.000614816032
8.800000,414.113227,413.993896,82.3480297,82.318428,0.119330254,0.0296016693,0.0879393891,-0.101660237,0.0446723625,2.50266185e-05,-0.000633850344,0.000629608228
8.810000,414.936217,414.815186,82.2499632,82.2202606,0.121031156,0.0297025871,0.0880125761,-0.101659417,0.044672329,2.50180146e-05,-0.000633849355,0.000629612536
8.820000,415.758226,415.645782,82.1518967,82.1268311,0.112443531,0.0250656509,0.0875524729,-0.10166464,0.0446725413,2.50719695e-05,-0.0006338557,0.000629585527
8.830000,416.579255,416.465271,82.0538302,82.0288162,0.113983641,0.0250139809,0.0876190513,-0.101663873,0.0446725115,2.50641806e-05,-0.000633854768,0.000629589427
8.840000,417.399303,417.278107,81.9557637,81.9280624,0.121195917,0.0277012634,0.0879804343,-0.101659641,0.0446723402,2.50220091e-05,-0.000633849879,0.000629610498
8.850000,418.21837,418.10257,81.8576972,81.8326263,0.115800331,0.025070858,0.0876862779,-0.101665884,0.0438053533,-3.10215109e-05,-0.000657074444,0.000628631329
8.860000,419.036457,418.914032,81.7596307,81.7307434,0.122424568,0.028887291,0.0880175829,-0.101661883,0.0438051894,-3.10599644e-05,-0.000657070021,0.000628650538
8.870000,419.853563,419.753052,81.6615642,81.641861,0.100510767,0.0197032356,0.0868672282,-0.10167598,0.0438057631,-3.09268471e-05,-0.000657085155,0.000628584065
8.880000,420.669688,420.57785,81.5634977,81.5462646,0.0918374924,0.0172330475,0.0864067748,-0.101681702,0.0438059941,-3.08737326e-05,-0.00065709115,0.000628557522
8.890000,421.484832,421.397095,81.4654312,81.4487076,0.0877377521,0.0167236137,0.0861854032,-0.101684496,0.0438061059,-3.08482813e-05,-0.000657094002,0.000628544833
8.900000,422.298996,422.219086,81.3673647,81.3564606,0.0799107647,0.0109041214,0.0852169394,-0.0945516005,0.044315882,-0.000176206566,-0.000720926153,0.000654587755
8.910000,423.11218,423.040283,81.2692982,81.2606735,0.0718965693,0.00862466812,0.084801726,-0.0945563018,0.0443160906,-0.000176161149,-0.000720931625,0.000654565054
8.920000,423.924382,423.848206,81.1712317,81.162529,0.0761768555,0.00870269775,0.0850152746,-0.0945538431,0.0443159826,-0.000176184389,-0.000720928831,0.000654576637
8.930000,424.735604,424.661896,81.0731652,81.0656662,0.0737086543,0.00749898911,0.0848842263,-0.094555378,0.0443160497,-0.000176170201,-0.000720930519,0.000654569536
8.940000,425.545846,425.469208,80.9750987,80.9662323,0.076637962,0.00886638641,0.0850310028,-0.0945536345,0.0443159714,-0.000176186004,-0.000720928656,0.000654577452
8.950000,426.355106,426.286072,80.8770322,80.8695297,0.0690346026,0.00750246048,0.0846383795,-0.0945617706,0.0447983742,-0.00012777005,-0.000707650324,0.000655337935
8.960000,427.163386,427.085449,80.7789657,80.7684555,0.0779371506,0.0105101776,0.0850890875,-0.0945562571,0.044798132,-0.000127818043,-0.00070764462,0.000655361917
8.970000,427.970686,427.902954,80.6808992,80.6738434,0.0677315921,0.00705579758,0.0845628232,-0.0945627913,0.0447984189,-0.000127762338,-0.000707651197,0.000655334152
8.980000,428.777004,428.714752,80.5828327,80.5786667,0.0622521557,0.00416599274,0.0842793137,-0.0945663601,0.0447985753,-0.000127732506,-0.00070765469,0.000655319251
8.990000,429.582342,429.526459,80.4847662,80.4847717,0.055883607,-5.55038453e-06,0.0839514732,-0.0945705473,0.0447987579,-0.000127698222,-0.000707658706,0.000655302138
9.000000,430.3867,430.328583,80.3866997,80.3885803,0.0581169128,-0.00188064575,0.0835174695,-0.115262389,0.0476393625,0.000128023938,-0.000699856959,0.000584493158
9.010000,431.190076,431.132233,80.2886332,80.2909775,0.0578436748,-0.00234430313,0.083505556,-0.115262523,0.04763937,0.000128025131,-0.000699857133,0.000584492576
9.020000,431.992472,431.941589,80.1905667,80.1956177,0.0508829845,-0.0050510025,0.0831569359,-0.115266599,0.0476395637,0.000128059706,-0.000699861441,0.000584475347
9.030000,432.793888,432.735779,80.0925002,80.0956573,0.0581088656,-0.00315717697,0.0835219324,-0.115262263,0.0476393588,0.000128023821,-0.000699856959,0.000584493217
9.040000,433.594322,433.536438,79.9944337,79.9961548,0.0578843552,-0.00172111511,0.0835126191,-0.115262374,0.0476393625,0.000128024723,-0.000699857075,0.000584492751
9.050000,434.393776,434.348053,79.8963672,79.9027786,0.0457233691,-0.00641145706,0.0829017088,-0.115289815,0.049504213,0.000299915468,-0.000646965695,0.000587410002
9.060000,435.19225,435.143738,79.7983007,79.8037949,0.0485118938,-0.00549419403,0.0830457658,-0.115288027,0.0495041274,0.000299901672,-0.000646964007,0.000587416871
9.070000,435.989742,435.947449,79.7002342,79.7089005,0.0422936305,-0.00866628647,0.0827361941,-0.115291923,0.0495043099,0.000299931067,-0.000646967615,0.000587402261
9.080000,436.786254,436.738953,79.6021677,79.6092911,0.0473017334,-0.00712341309,0.0829929933,-0.115288645,0.0495041572,0.000299906911,-0.000646964647,0.00058741431
9.090000,437.581786,437.53009,79.5041012,79.5105286,0.0516953822,-0.0064274025,0.0832178369,-0.115285732,0.0495040193,0.000299885956,-0.000646962086,0.000587424729
9.100000,438.376336,438.341797,79.4060347,79.4206619,0.0345395184,-0.0146272659,0.0814997926,-0.109893717,0.0445421562,0.000347108318,-0.000649463851,0.000606590824
9.110000,439.169906,439.135529,79.3079682,79.3211212,0.034377843,-0.0131530571,0.081499435,-0.109893724,0.0445421562,0.000347108347,-0.000649463851,0.000606590824
9.120000,439.962496,439.922333,79.2099017,79.2207794,0.0401629929,-0.0108777618,0.0817939565,-0.109890223,0.0445419811,0.000347082299,-0.000649460417,0.000606603804
9.130000,440.754104,440.713043,79.1118352,79.1233292,0.0410612277,-0.0114940071,0.0818438977,-0.109889619,0.0445419513,0.000347077934,-0.000649459835,0.000606605958
9.140000,441.544732,441.516785,79.0137687,79.0304031,0.0279477917,-0.0166344833,0.0811988711,-0.109897532,0.0445423461,0.00034713358,-0.000649467111,0.000606578251
9.150000,442.33438,442.310211,78.9157022,78.9334106,0.024168632,-0.0177084923,0.0810215548,-0.10987743,0.0458274074,0.000302795641,-0.000611929339,0.000606314978
9.160000,443.123047,443.096313,78.8176357,78.8345642,0.0267330261,-0.0169285583,0.0811570883,-0.109875716,0.0458273217,0.000302784261,-0.000611927826,0.000606320624
9.170000,443.910733,443.869354,78.7195691,78.7316208,0.0413782786,-0.0120516396,0.0818931013,-0.109866291,0.0458268523,0.000302723231,-0.000611919793,0.00060635095
9.180000,444.697438,444.647827,78.6215026,78.6317291,0.0496107372,-0.0102264786,0.0823079124,-0.109860905,0.0458265841,0.000302689295,-0.000611915311,0.00060636783
9.190000,445.483163,445.431244,78.5234361,78.532196,0.0519186831,-0.00875989914,0.0824270025,-0.109859332,0.0458265059,0.000302679691,-0.000611914031,0.000606372603
9.200000,446.267907,446.24472,78.4253696,78.447731,0.0231861496,-0.0223613739,0.0797168985,-0.10091269,0.0423707701,0.000170613814,-0.000568885182,0.000633775489
9.210000,447.05167,447.035614,78.3273031,78.3516769,0.0160559588,-0.0243737984,0.0793800578,-0.100916721,0.0423709825,0.000170640022,-0.000568888849,0.000633762451
9.220000,447.834453,447.814514,78.2292366,78.2521591,0.0199385113,-0.0229224777,0.0795814097,-0.100914277,0.0423708521,0.000170624597,-0.000568886695,0.000633770134
9.230000,448.616255,448.588837,78.1311701,78.1520767,0.0274180354,-0.0209065819,0.0799595788,-0.100909621,0.0423706062,0.000170596104,-0.000568882679,0.000633784279
9.240000,449.397076,449.370544,78.0331036,78.0541458,0.0265316406,-0.0210421753,0.0799262896,-0.100910038,0.0423706286,0.000170598578,-0.000568883028,0.000633783056
9.250000,450.176917,450.149811,77.9350371,77.9545441,0.0271059871,-0.0195069313,0.0799651593,-0.100929357,0.0434014983,0.000296016398,-0.000537751999,0.000635907229
9.260000,450.955777,450.945709,77.8369706,77.8608856,0.0100675884,-0.0239149857,0.0791425034,-0.100939915,0.043402046,0.000296075188,-0.000537760439,0.000635878067
9.270000,451.733656,451.726257,77.7389041,77.7627869,0.00739886656,-0.0238827324,0.0790238231,-0.100941457,0.0434021242,0.000296083512,-0.000537761662,0.000635873934
9.280000,452.510555,452.49823,77.6408376,77.6625595,0.0123249191,-0.0217218781,0.0792763755,-0.100938126,0.0434019528,0.000296066137,-0.000537759101,0.000635882549
9.290000,453.286473,453.271027,77.5427711,77.5639801,0.0154463321,-0.0212089729,0.0794395059,-0.100935943,0.0434018411,0.000296055136,-0.000537757471,0.000635887962
9.300000,454.06141,454.063965,77.4447046,77.4731293,-0.00255452156,-0.0284246445,0.0783385411,-0.116159678,0.0509463474,0.000521146052,-0.000562024768,0.000594596029
9.310000,454.835367,454.849396,77.3466381,77.3783722,-0.014028716,-0.031734066,0.0777982846,-0.116166264,0.0509467088,0.000521181442,-0.000562030298,0.000594578509
9.320000,455.608343,455.620087,77.2485716,77.2804718,-0.0117435852,-0.031900177,0.077922903,-0.116164722,0.0509466231,0.000521173468,-0.000562029018,0.000594582467
9.330000,456.380338,456.394135,77.1505051,77.1824722,-0.013796053,-0.0319671059,0.0778390691,-0.116165772,0.050946679,0.000521178707,-0.000562029833,0.000594579848
9.340000,457.151353,457.158142,77.0524386,77.0817032,-0.00678890266,-0.0292645645,0.0781913176,-0.116161294,0.0509464368,0.000521157228,-0.00056202634,0.0005945905
9.350000,457.921387,457.937653,76.9543721,76.9844894,-0.016265347,-0.030117321,0.077748023,-0.116179027,0.0497327857,0.000556373328,-0.0005998009,0.000594641082
9.360000,458.690441,458.700684,76.8563056,76.8840637,-0.0102429642,-0.0277581024,0.078052327,-0.116175056,0.0497325733,0.000556355692,-0.00059979799,0.000594649813
9.370000,459.458513,459.471527,76.7582391,76.7876968,-0.0130137464,-0.0294577217,0.0779320449,-0.11617665,0.049732659,0.000556362502,-0.000599799154,0.000594646437
9.380000,460.225605,460.23526,76.6601726,76.6885223,-0.00965459785,-0.0283497238,0.0781088099,-0.116174281,0.0497325324,0.000556352723,-0.000599797524,0.000594651268
9.390000,460.991717,461.010895,76.5621061,76.5938644,-0.0191779698,-0.0317583275,0.0776630118,-0.116180331,0.0497328565,0.000556376704,-0.000599801657,0.000594639452
9.400000,461.756848,461.756531,76.4640396,76.4872131,0.000316772461,-0.0231735229,0.079422906,-0.122773916,0.0509768538,0.000502338982,-0.000609401788,0.000575573766
9.410000,462.520998,462.51828,76.3659731,76.3886566,0.00271756849,-0.022683506,0.0795477107,-0.122772366,0.0509767644,0.000502332463,-0.000609400624,0.000575576967
9.420000,463.284167,463.29184,76.2679066,76.2929535,-0.00767260323,-0.0250468826,0.0790646598,-0.122778445,0.0509771071,0.000502357027,-0.000609405164,0.00057556486
9.430000,464.046356,464.054352,76.1698401,76.1926804,-0.00799607668,-0.0228402519,0.0790616274,-0.122778483,0.0509771109,0.000502357201,-0.000609405164,0.000575564802
9.440000,464.807564,464.816376,76.0717736,76.0966949,-0.0088119339,-0.0249213409,0.0790340826,-0.12277884,0.0509771295,0.00050235854,-0.000609405397,0.000575564161
9.450000,465.567791,465.557312,75.9737071,75.991394,0.0104791903,-0.0176869392,0.0799623579,-0.122758053,0.0512373559,0.000471745356,-0.000601025182,0.000575210375
9.460000,466.327038,466.304504,75.8756406,75.888588,0.0225335461,-0.0129473495,0.0805431306,-0.122750357,0.0512369275,0.000471719424,-0.000601020001,0.000575223065
9.470000,467.085304,467.061737,75.7775741,75.7896347,0.0235669536,-0.0120606041,0.0805980191,-0.122749619,0.0512368865,0.000471717067,-0.000601019536,0.000575224229
9.480000,467.842589,467.819702,75.6795076,75.6926422,0.0228872742,-0.013134613,0.0805724189,-0.122749969,0.0512369052,0.000471718115,-0.000601019769,0.000575223705
9.490000,468.598894,468.562469,75.5814411,75.5914307,0.0364246837,-0.0099895668,0.0812209919,-0.122741051,0.0512364134,0.000471692329,-0.000601014239,0.000575236278
9.500000,469.354218,469.315979,75.4833746,75.4932632,0.0382392406,-0.00988864899,0.0814103112,-0.106280059,0.0512036085,0.000334562996,-0.000593109755,0.000613781391
9.510000,470.108562,470.077972,75.3853081,75.396904,0.0305892459,-0.0115958977,0.0810572132,-0.106284514,0.0512038693,0.000334576995,-0.000593112898,0.000613774522
9.520000,470.861924,470.831055,75.2872416,75.2992401,0.0308697189,-0.0119985199,0.0810754597,-0.106284283,0.0512038544,0.000334576296,-0.000593112723,0.000613774871
9.530000,471.614306,471.595001,75.1891751,75.2066574,0.0193052691,-0.0174823189,0.0805396065,-0.106291227,0.0512042567,0.000334595446,-0.000593117322,0.000613765558
9.540000,472.365708,472.339142,75.0911086,75.1067581,0.0265660625,-0.0156495285,0.0808878243,-0.10628666,0.0512039922,0.000334583747,-0.000593114353,0.000613771263
9.550000,473.116129,473.096771,74.9930421,75.0089035,0.0193574214,-0.0158614159,0.0805597901,-0.106267959,0.0530937687,0.000286480383,-0.000530298916,0.000613637269
9.560000,473.865569,473.840118,74.8949756,74.9077377,0.0254503418,-0.012762146,0.0808532313,-0.106264003,0.0530935414,0.000286471739,-0.000530296471,0.000613641459
9.570000,474.614028,474.576416,74.7969091,74.8064575,0.0376121577,-0.00954843521,0.0814290568,-0.106256142,0.0530930944,0.000286455965,-0.000530291756,0.000613649026
9.580000,475.361507,475.326172,74.6988426,74.7084122,0.0353350567,-0.00956958771,0.0813276395,-0.106257543,0.0530931726,0.000286458526,-0.000530292571,0.000613647804
9.590000,476.108005,476.066223,74.6007761,74.608284,0.0417818805,-0.0075079155,0.08163286,-0.106253274,0.0530929305,0.000286451424,-0.000530290126,0.00061365118
9.600000,476.853522,476.803009,74.5027096,74.507576,0.0505134201,-0.0048664093,0.0819952115,-0.0837263018,0.0540977381,0.000134988441,-0.000511285441,0.000662245264
9.610000,477.598059,477.55246,74.4046431,74.4109573,0.0455994998,-0.00631425858,0.0817703381,-0.0837291926,0.0540979132,0.000134993825,-0.000511287304,0.000662242703
9.620000,478.341615,478.310913,74.3065766,74.3174057,0.0307022289,-0.0108291245,0.0810859129,-0.083738111,0.0540984459,0.00013500874,-0.000511292834,0.000662235601
9.630000,479.084191,479.03598,74.2085101,74.2128983,0.0482105235,-0.00438817978,0.081898585,-0.0837273821,0.0540978089,0.000134992806,-0.000511286315,0.00066224311
9.640000,479.825786,479.774567,74.1104436,74.1115341,0.051218866,-0.00109054565,0.0820389763,-0.0837255046,0.0540976971,0.000134990361,-0.000511285209,0.000662244274
9.650000,480.5664,480.523468,74.0123771,74.0152283,0.042931602,-0.0028512001,0.0816564932,-0.0837163329,0.0528739095,-1.70499879e-05,-0.000553591584,0.000659703976
9.660000,481.306033,481.270966,73.9143106,73.9214401,0.0350674816,-0.00712955475,0.0812946931,-0.0837212875,0.0528742,-1.70452913e-05,-0.000553594378,0.000659701822
9.670000,482.044686,482.010864,73.8162441,73.821991,0.0338215732,-0.00574689865,0.0812405199,-0.0837220401,0.0528742447,-1.70447074e-05,-0.000553594786,0.000659701589
9.680000,482.782358,482.750183,73.7181776,73.7243423,0.0321748337,-0.00616477966,0.081167005,-0.0837230682,0.0528743044,-1.70440744e-05,-0.00055359531,0.000659701298
9.690000,483.519049,483.485107,73.6201111,73.6271667,0.0339419604,-0.00705568314,0.0812517405,-0.0837218687,0.0528742336,-1.70446237e-05,-0.000553594669,0.000659701531
9.700000,484.25476,484.239471,73.5220446,73.5378265,0.0152887249,-0.0157819748,0.0799320713,-0.0782243535,0.0510860421,-2.92233653e-05,-0.0005564288,0.000671181013
9.710000,484.98949,484.980682,73.4239781,73.4417877,0.00880790052,-0.0178096581,0.0796440989,-0.0782281309,0.051086273,-2.92211971e-05,-0.000556431012,0.000671180082
9.720000,485.72324,485.694946,73.3259116,73.3374252,0.0282934326,-0.0115136719,0.0805392265,-0.0782162622,0.0510855466,-2.92259065e-05,-0.000556424318,0.000671181886
9.730000,486.456009,486.422272,73.2278451,73.2378616,0.0337367763,-0.0100165749,0.080792807,-0.0782128572,0.051085338,-2.9226665e-05,-0.000556422456,0.000671182119
9.740000,487.187797,487.151672,73.1297786,73.1406326,0.0361242596,-0.0108540726,0.0809062421,-0.078211315,0.0510852449,-2.92267468e-05,-0.000556421641,0.000671182061
9.750000,487.918604,487.890503,73.0317121,73.0467453,0.0281011462,-0.0150332451,0.0805480033,-0.0782064423,0.052488327,-4.78416496e-06,-0.000506379525,0.000671887072
9.760000,488.648431,488.61554,72.9336456,72.9466553,0.0328913132,-0.0130097198,0.0807727426,-0.0782033205,0.052488137,-4.78327775e-06,-0.000506377954,0.00067188649
9.770000,489.377277,489.344025,72.8355791,72.8471985,0.0332523288,-0.0116194344,0.0807946473,-0.078203015,0.0524881184,-4.78314041e-06,-0.000506377779,0.000671886432
9.780000,490.105142,490.073517,72.7375126,72.749855,0.0316255993,-0.0123424911,0.0807269514,-0.0782039762,0.0524881743,-4.78372021e-06,-0.000506378245,0.000671886781
9.790000,490.832027,490.79303,72.639446,72.6493073,0.0389974528,-0.00986120224,0.0810685381,-0.0781990662,0.05248788,-4.7800022e-06,-0.000506375975,0.000671884685
9.800000,491.557931,491.531586,72.5413795,72.5545044,0.0263456726,-0.0131248474,0.0806017295,-0.0709964186,0.0483676344,-4.13527705e-05,-0.000499050075,0.000684844039
9.810000,492.282855,492.256836,72.443313,72.4562683,0.0260188914,-0.012955265,0.0805933326,-0.0709965304,0.0483676419,-4.13528469e-05,-0.000499050133,0.000684844097
9.820000,493.006798,492.998718,72.3452465,72.3644485,0.00807936516,-0.0192020035,0.0797933787,-0.0710072964,0.0483683199,-4.1362171e-05,-0.000499055604,0.000684849278
9.830000,493.72976,493.739929,72.24718,72.2718735,-0.0101694394,-0.0246934319,0.0789814293,-0.0710183457,0.0483690128,-4.1373587e-05,-0.000499061018,0.000684855564
9.840000,494.451741,494.472839,72.1491135,72.1767654,-0.0210981277,-0.0276519012,0.0785024911,-0.0710249394,0.0483694263,-4.13814741e-05,-0.000499064161,0.000684859813
9.850000,495.172742,495.189178,72.051047,72.0788727,-0.0164364362,-0.0278256416,0.0787228718,-0.0710422248,0.0473060608,5.65018127e-06,-0.000538272841,0.000685356208
9.860000,495.892762,495.904449,71.9529805,71.9807129,-0.0116872944,-0.0277323532,0.0789483488,-0.0710390508,0.0473058634,5.6550125e-06,-0.000538271386,0.000685353647
9.870000,496.611802,496.609467,71.854914,71.8784027,0.00233508863,-0.0234886742,0.079589799,-0.0710299313,0.0473052971,5.67040479e-06,-0.00053826737,0.000685345498
9.880000,497.32986,497.331421,71.7568475,71.7828217,-0.00156044922,-0.0259741211,0.0794249922,-0.0710323006,0.0473054424,5.66602421e-06,-0.000538268359,0.000685347826
9.890000,498.046939,498.043579,71.658781,71.6827774,0.00335949049,-0.0239963722,0.0796572641,-0.0710289255,0.0473052338,5.67280131e-06,-0.000538266962,0.000685344276
9.900000,498.763036,498.765778,71.5607145,71.5883942,-0.00274151802,-0.0276796341,0.0789401159,-0.0656032413,0.0451256558,-3.40343395e-05,-0.000544344657,0.000693884736
9.910000,499.478153,499.462708,71.462648,71.4845581,0.0154453631,-0.0219100761,0.0797587335,-0.0655921996,0.0451249406,-3.40124207e-05,-0.000544339477,0.000693873211
9.920000,500.192289,500.185699,71.3645815,71.3885574,0.00658956757,-0.0239759064,0.0793767199,-0.0655974075,0.0451252796,-3.40236693e-05,-0.000544341863,0.00069387909
9.930000,500.905445,500.888245,71.266515,71.2878494,0.0171998843,-0.0213344002,0.0798573568,-0.065590784,0.0451248512,-3.40082297e-05,-0.000544338953,0.000693870999
9.940000,501.617619,501.607666,71.1684485,71.1921844,0.00995331535,-0.0237359238,0.0795461386,-0.0655951202,0.0451251306,-3.40190563e-05,-0.000544340815,0.000693876646
9.950000,502.328813,502.315186,71.070382,71.0933533,0.0136279368,-0.0229712486,0.0797193125,-0.0655719712,0.0450585932,-0.000133147609,-0.000547047995,0.000692224712
9.960000,503.039027,503.019409,70.9723155,70.9928741,0.0196177917,-0.0205586243,0.0799952894,-0.0655680448,0.0450583436,-0.000133136549,-0.000547046366,0.00069221895
9.970000,503.74826,503.716339,70.874249,70.8906784,0.0319206828,-0.0164293861,0.0805487335,-0.0655600876,0.0450578369,-0.000133112873,-0.000547043222,0.000692206668
9.980000,504.456512,504.427917,70.7761825,70.7952423,0.0285944714,-0.0190597916,0.0804086179,-0.0655621216,0.0450579673,-0.000133119232,-0.000547043979,0.000692209986
9.990000,505.163783,505.133179,70.678116,70.6970825,0.0306047336,-0.0189665031,0.0805063099,-0.0655606911,0.0450578779,-0.000133114547,-0.000547043455,0.000692207541
10.000000,505.870074,505.875275,70.5800495,70.6143951,-0.00520038605,-0.0343456268,0.0781611353,-0.0667451099,0.0367920138,-4.19943317e-05,-0.000532344857,0.000693473674
10.010000,506.575384,506.571625,70.481983,70.5122604,0.00375967894,-0.0302774239,0.078567408,-0.0667395592,0.036791645,-4.19759162e-05,-0.000532342528,0.000693464128
10.020000,507.279714,507.266449,70.3839165,70.4112701,0.0132649578,-0.0273536301,0.0789959803,-0.0667336509,0.0367912501,-4.19553398e-05,-0.000532340142,0.000693453476
10.030000,507.983063,507.978638,70.28585,70.3169937,0.00442506971,-0.0311437035,0.0786218867,-0.0667388663,0.0367915966,-4.19743301e-05,-0.000532342179,0.000693463255
10.040000,508.685431,508.674866,70.1877835,70.2168198,0.01056521,-0.0290362549,0.0789032057,-0.0667349026,0.0367913358,-4.19592543e-05,-0.000532340666,0.000693455513
10.050000,509.386818,509.372131,70.089717,70.1176605,0.0146870875,-0.0279435158,0.079096742,-0.066753298,0.0372204594,5.67115203e-05,-0.000515096763,0.000695310067
10.060000,510.087225,510.075256,69.9916505,70.0205231,0.0119689251,-0.0288725662,0.0789903104,-0.0667548254,0.03722056,5.67052157e-05,-0.000515097345,0.000695313327
10.070000,510.786651,510.778748,69.893584,69.9231186,0.0079038867,-0.0295345879,0.078825362,-0.066757217,0.0372207165,5.66950002e-05,-0.00051509816,0.000695318566
10.080000,511.485097,511.473236,69.7955175,69.8241501,0.0118608688,-0.0286325836,0.0790105909,-0.066754505,0.0372205377,5.67069692e-05,-0.000515097228,0.000695312396
10.090000,512.182562,512.176819,69.697451,69.7260971,0.00574294767,-0.0286461067,0.0787547305,-0.0667582825,0.0372207835,5.66897434e-05,-0.000515098451,0.000695321243
10.100000,512.879046,512.874878,69.5993845,69.6286545,0.00416804314,-0.0292699814,0.0785736293,-0.0619118288,0.0352907889,9.76997035e-06,-0.000495182059,0.00070014107
10.110000,513.574549,513.58728,69.501318,69.5363388,-0.0127307881,-0.0350208092,0.0778588653,-0.0619216934,0.0352914631,9.72386988e-06,-0.000495185726,0.000700164703
10.120000,514.269072,514.276123,69.4032515,69.4365921,-0.00705071411,-0.0333406067,0.0781204998,-0.0619180501,0.0352912135,9.74145496e-06,-0.000495184388,0.000700155681
10.130000,514.962615,514.973877,69.305185,69.3376846,-0.0112624379,-0.0324996376,0.0779518485,-0.0619204231,0.0352913737,9.72966154e-06,-0.000495185202,0.000700161734
10.140000,515.655176,515.653076,69.2071185,69.2362747,0.00209986076,-0.0291562271,0.0785400495,-0.0619120747,0.0352908075,9.77238051e-06,-0.00049518235,0.000700139848
10.150000,516.346757,516.348755,69.109052,69.1402283,-0.00199799776,-0.031176281,0.07837639,-0.0619201995,0.0355102867,4.16942094e-05,-0.000486072706,0.000700772973
10.160000,517.037357,517.049255,69.0109855,69.045433,-0.0118982986,-0.0344475555,0.0779643059,-0.0619261563,0.035510689,4.16620023e-05,-0.000486074656,0.000700789446
10.170000,517.726977,517.733765,68.912919,68.9446335,-0.00678805361,-0.0317144966,0.0781993121,-0.061922729,0.0355104581,4.16810071e-05,-0.000486073579,0.000700779725
10.180000,518.415615,518.415222,68.8148525,68.845726,0.000393284225,-0.0308735275,0.0785214752,-0.0619179867,0.0355101414,4.17079136e-05,-0.000486072153,0.000700765988
10.190000,519.103274,519.100586,68.716786,68.7479553,0.00268770704,-0.0311693382,0.078633897,-0.0619163178,0.0355100296,4.17176016e-05,-0.000486071658,0.00070076104
10.200000,519.789951,519.801697,68.6187195,68.6564026,-0.0117456055,-0.0376831055,0.0777276978,-0.0676620454,0.0353901051,0.000109521447,-0.000503328629,0.000697006006
10.210000,520.475648,520.501038,68.520653,68.561821,-0.0253895635,-0.0411680031,0.0771649033,-0.067669861,0.0353906527,0.000109474859,-0.000503331248,0.000697029813
10.220000,521.160364,521.178528,68.4225865,68.4644852,-0.0181636005,-0.0418986893,0.0774886906,-0.0676653236,0.0353903361,0.000109502544,-0.000503329793,0.000697015668
10.230000,521.8441,521.853943,68.32452,68.3654251,-0.00984310732,-0.0409051323,0.0778606161,-0.0676600635,0.0353899673,0.000109535358,-0.000503328163,0.000696998904
10.240000,522.526855,522.52771,68.2264535,68.2640076,-0.000855329895,-0.0375540924,0.0782610998,-0.0676543489,0.0353895687,0.000109571782,-0.000503326475,0.000696980336
10.250000,523.208629,523.213501,68.128387,68.1668015,-0.00487214327,-0.0384144783,0.0781064406,-0.0676793456,0.0360951796,0.000218771151,-0.000472871732,0.000699237222
10.260000,523.889422,523.894897,68.0303205,68.0691605,-0.00547509041,-0.0388399887,0.0780967772,-0.0676794872,0.0360951908,0.000218770219,-0.000472871761,0.000699237688
10.270000,524.569235,524.576782,67.932254,67.969902,-0.00754698381,-0.0376480675,0.0780249462,-0.0676805377,0.0360952653,0.000218763089,-0.000472872052,0.000699241296
10.280000,525.248067,525.255493,67.8341875,67.8713379,-0.00742571411,-0.0371504211,0.0780455321,-0.0676802322,0.0360952429,0.000218765184,-0.000472871965,0.000699240249
10.290000,525.925919,525.931274,67.736121,67.7718964,-0.00535542192,-0.0357753944,0.0781481043,-0.0676787049,0.0360951386,0.000218775938,-0.000472871558,0.000699234777
10.300000,526.60279,526.576172,67.6380545,67.6585541,0.0266179943,-0.0204996109,0.080539681,-0.0689628497,0.0320586003,0.000118991666,-0.000443693571,0.000696482311
10.310000,527.27868,527.246094,67.539988,67.5589981,0.0325863315,-0.0190101433,0.0807974115,-0.068959251,0.0320583433,0.000119017801,-0.000443692494,0.000696468982
10.320000,527.95359,527.916016,67.4419215,67.4597549,0.0375740036,-0.0178334808,0.0810158104,-0.068956174,0.0320581235,0.000119040567,-0.000443691621,0.000696457399
10.330000,528.627519,528.592468,67.343855,67.3617325,0.035050249,-0.0178775215,0.0809176713,-0.0689575672,0.0320582241,0.000119030061,-0.000443691999,0.000696462754
10.340000,529.300467,529.269226,67.2457885,67.2654114,0.0312406536,-0.0196229172,0.0807670206,-0.0689597279,0.0320583768,0.000119013523,-0.000443692581,0.000696471194
10.350000,529.972434,529.951172,67.147722,67.1712341,0.0212624049,-0.0235121727,0.0803563148,-0.0689495131,0.0317227431,2.39674337e-05,-0.000458882423,0.000694735558
10.360000,530.643421,530.619873,67.0496555,67.0723572,0.0235481201,-0.0227017212,0.0804603249,-0.0689480007,0.031722635,2.39794172e-05,-0.000458882045,0.000694729446
10.370000,531.313427,531.277771,66.951589,66.9704819,0.035656393,-0.0188929176,0.0809762701,-0.0689404309,0.0317220986,2.40402078e-05,-0.000458880211,0.000694698538
10.380000,531.982453,531.947388,66.8535225,66.871788,0.0350652508,-0.0182655716,0.0809594691,-0.0689406767,0.0317221172,2.40381833e-05,-0.000458880269,0.000694699585
10.390000,532.650498,532.627808,66.755456,66.7758026,0.0226902209,-0.0203466606,0.0804476365,-0.0689482987,0.0317226574,2.39751826e-05,-0.000458881957,0.0006947316
10.400000,533.317562,533.292786,66.6573895,66.6791306,0.0247764206,-0.0217411041,0.0801702216,-0.0784478784,0.0319723524,7.73258798e-05,-0.000465772144,0.000689556357
10.410000,533.983646,533.969727,66.5593229,66.584053,0.0139190646,-0.0247300911,0.0797305256,-0.07845404,0.0319728069,7.72733911e-05,-0.000465773715,0.000689583016
10.420000,534.648749,534.624756,66.4612564,66.484024,0.0239926647,-0.022767601,0.080156818,-0.0784480199,0.0319723636,7.73254651e-05,-0.000465772231,0.000689556531
10.430000,535.312871,535.288879,66.3631899,66.3868103,0.0239913615,-0.0236203575,0.0801674798,-0.0784478709,0.0319723524,7.73267966e-05,-0.000465772202,0.000689555833
10.440000,535.976012,535.958923,66.2651234,66.2915344,0.0170889832,-0.0264109802,0.0798922107,-0.0784518197,0.031972643,7.72916319e-05,-0.000465773104,0.000689573702
10.450000,536.638173,536.609924,66.1670569,66.1912689,0.0282489085,-0.0242119789,0.0803646222,-0.0784326345,0.0316684954,1.36994242e-06,-0.000480015471,0.000688104425
10.460000,537.299353,537.260925,66.0689904,66.0912628,0.0384281689,-0.022272377,0.0807947889,-0.0784263685,0.0316680372,1.42728027e-06,-0.000480014103,0.000688075321
10.470000,537.959553,537.922302,65.9709239,65.9949799,0.0372507876,-0.0240559196,0.0807554349,-0.0784269422,0.0316680782,1.4219288e-06,-0.00048001422,0.000688078057
10.480000,538.618772,538.596313,65.8728574,65.9023056,0.0224584641,-0.0294481659,0.0801561028,-0.078435801,0.0316687226,1.33885067e-06,-0.000480015995,0.000688120199
10.490000,539.27701,539.255005,65.7747909,65.8040619,0.0220052997,-0.0292709541,0.080149062,-0.0784359053,0.0316687301,1.33785625e-06,-0.000480016024,0.000688120723
10.500000,539.934268,539.916077,65.6767244,65.7056732,0.0181910992,-0.0289487839,0.0802408382,-0.0777921677,0.0362819023,-6.60717415e-05,-0.000443003053,0.000686510932
10.510000,540.590545,540.565186,65.5786579,65.6053543,0.0253591243,-0.0266963768,0.0805447996,-0.0777878985,0.0362815782,-6.60299847e-05,-0.000443002122,0.000686489744
10.520000,541.245841,541.222839,65.4805914,65.5086975,0.0230015625,-0.0281060791,0.0804610625,-0.0777890831,0.0362816676,-6.60417209e-05,-0.000443002384,0.000686495681
10.530000,541.900156,541.867859,65.3825249,65.4070969,0.032297613,-0.0245719337,0.0808516666,-0.0777835175,0.0362812467,-6.59858633e-05,-0.000443001249,0.000686467334
10.540000,542.553491,542.529114,65.2844584,65.3123322,0.024377647,-0.0278737259,0.080537267,-0.0777880326,0.0362815857,-6.60317019e-05,-0.000443002122,0.000686490559
10.550000,543.205846,543.176514,65.1863919,65.2122803,0.0293319964,-0.0258883476,0.0807494298,-0.0777905509,0.0356523693,-7.29939347e-05,-0.000473225256,0.00068624923
10.560000,543.857219,543.820007,65.0883254,65.1138077,0.0372119308,-0.025482254,0.0810794607,-0.0777857453,0.0356520079,-7.29439707e-05,-0.000473224325,0.00068622391
10.570000,544.507612,544.477966,64.9902589,65.0178528,0.0296458682,-0.0275938606,0.0807810128,-0.0777901188,0.0356523357,-7.29899693e-05,-0.00047322514,0.000686247251
10.580000,545.157024,545.119263,64.8921924,64.9179688,0.0377617382,-0.025776329,0.0811230466,-0.0777850673,0.0356519595,-7.29363455e-05,-0.000473224238,0.000686220068
10.590000,545.805456,545.759216,64.7941259,64.8154602,0.0462397166,-0.0213342857,0.081477493,-0.0777797997,0.0356515646,-7.28798695e-05,-0.000473223336,0.00068619143
10.600000,546.452907,546.413635,64.6960594,64.7199326,0.039271698,-0.0238731384,0.081169419,-0.0770042911,0.0345352143,2.65212248e-06,-0.000483980897,0.00068833027
10.610000,547.099377,547.057861,64.5979929,64.6199951,0.0415158854,-0.0220022011,0.0812703669,-0.0770028755,0.0345351025,2.66780967e-06,-0.000483980606,0.000688322296
10.620000,547.744867,547.691895,64.4999264,64.5189362,0.052972279,-0.0190097427,0.0817391425,-0.0769962445,0.0345345885,2.7418846e-06,-0.000483979355,0.000688284752
10.630000,548.389376,548.348877,64.4018599,64.4237823,0.0404987887,-0.0219224358,0.0812442228,-0.0770032927,0.0345351361,2.66240181e-06,-0.000483980606,0.000688325032
10.640000,549.032904,548.994385,64.3037934,64.3259354,0.0385192429,-0.0221419525,0.0811722726,-0.0770043209,0.0345352143,2.65066114e-06,-0.000483980781,0.000688330969
10.650000,549.675452,549.651306,64.2057269,64.2320938,0.0241454577,-0.0263669014,0.0806014761,-0.0770226941,0.0343956351,4.64317563e-05,-0.000490834995,0.000689183245
10.660000,550.317019,550.293396,64.1076604,64.134079,0.0236225506,-0.0264185715,0.0805922076,-0.0770228282,0.0343956463,4.64301957e-05,-0.000490834995,0.00068918406
10.670000,550.957605,550.939514,64.0095939,64.0359955,0.0180906581,-0.026401577,0.0803822502,-0.0770258978,0.0343958847,4.63943034e-05,-0.00049083546,0.000689202221
10.680000,551.59721,551.578369,63.9115274,63.9366112,0.0188412842,-0.0250837708,0.0804235041,-0.0770252869,0.0343958363,4.64014593e-05,-0.000490835344,0.000689198612
10.690000,552.235835,552.209534,63.8134609,63.8359871,0.0263016749,-0.0225261879,0.0807336196,-0.0770206898,0.0343954824,4.64560399e-05,-0.000490834704,0.000689170964
10.700000,552.87348,552.841431,63.7153944,63.7350235,0.0320489788,-0.019629097,0.0809730738,-0.0767316446,0.0352539532,2.68089934e-05,-0.000499448797,0.000688866188
10.710000,553.510143,553.480286,63.6173279,63.6359825,0.0298576098,-0.0186546135,0.0808932185,-0.0767327622,0.0352540426,2.67952637e-05,-0.000499448972,0.000688873115
10.720000,554.145826,554.096375,63.5192614,63.5315208,0.0494516891,-0.0122594452,0.081678614,-0.0767216757,0.0352531597,2.69323446e-05,-0.000499447284,0.000688803731
10.730000,554.780528,554.741455,63.4211949,63.4368057,0.0390734042,-0.0156108284,0.081271857,-0.0767274573,0.0352536216,2.68602926e-05,-0.000499448157,0.000688840169
10.740000,555.41425,555.372375,63.3231284,63.3375053,0.0418746105,-0.0143769455,0.0813872889,-0.0767258033,0.0352534913,2.68810345e-05,-0.000499447924,0.000688829692
10.750000,556.046991,556.001282,63.2250619,63.2365608,0.045709312,-0.0114989281,0.0815451816,-0.0767336264,0.0355161875,9.00142404e-05,-0.000485570024,0.000690090354
10.760000,556.678751,556.632202,63.1269954,63.1368332,0.0465491882,-0.00983779907,0.0815844685,-0.0767330602,0.0355161428,9.00214945e-05,-0.000485569937,0.000690086687
10.770000,557.309531,557.254822,63.0289289,63.0364571,0.0547091807,-0.00752817154,0.0819123313,-0.0767282844,0.0355157629,9.008286e-05,-0.000485569326,0.000690055662
10.780000,557.93933,557.887207,62.9308624,62.9395447,0.0521228832,-0.00868228912,0.0818141922,-0.0767297223,0.0355158783,9.00642481e-05,-0.000485569501,0.000690065091
10.790000,558.568148,558.516846,62.8327959,62.8404121,0.0513025027,-0.0076162529,0.081784226,-0.0767301619,0.0355159119,9.00584928e-05,-0.000485569559,0.000690068002
10.800000,559.195986,559.132202,62.7347294,62.7370415,0.0637836838,-0.00231208801,0.0824838132,-0.0789199546,0.0359508842,5.72491845e-05,-0.000528705888,0.000689487671
10.810000,559.822843,559.769165,62.6366629,62.6416359,0.0536777545,-0.00497301102,0.0820889175,-0.0789254829,0.035951335,5.71748751e-05,-0.000528706645,0.000689525274
10.820000,560.448719,560.394226,62.5385964,62.5442123,0.0544930157,-0.00561595917,0.0821215734,-0.078925021,0.0359512977,5.71811033e-05,-0.000528706587,0.00068952213
10.830000,561.073615,561.015991,62.4405299,62.4435692,0.0576235103,-0.00303930283,0.0822457224,-0.0789232627,0.0359511524,5.72050922e-05,-0.000528706354,0.000689510023
10.840000,561.69753,561.643555,62.3424634,62.3465347,0.053975,-0.0040713501,0.0821044073,-0.0789252743,0.0359513164,5.71774253e-05,-0.000528706587,0.000689523993
10.850000,562.320464,562.268127,62.2443969,62.2502861,0.0523365474,-0.00588922501,0.0820434317,-0.0789157525,0.03664672,3.11660879e-05,-0.000491241226,0.000689196924
10.860000,562.942418,562.87384,62.1463304,62.1472282,0.068577293,-0.000897865295,0.0826821327,-0.0789065361,0.0366459712,3.12943921e-05,-0.000491240236,0.000689132081
10.870000,563.563391,563.483582,62.0482639,62.0453262,0.0798090533,0.00293764114,0.0831231922,-0.0789001361,0.0366454497,3.13840974e-05,-0.000491239596,0.000689086737
10.880000,564.183383,564.114014,61.9501974,61.9497681,0.0693692307,0.00042930603,0.0827137828,-0.0789061114,0.0366459377,3.12998163e-05,-0.00049124012,0.000689129345
10.890000,564.802395,564.736633,61.8521309,61.853672,0.065761243,-0.00154115677,0.08257249,-0.0789081827,0.0366461053,3.12703669e-05,-0.000491240295,0.000689144246
10.900000,565.420426,565.370178,61.7540644,61.7607536,0.0502472973,-0.00668926239,0.081745483,-0.0716039613,0.0333432555,0.000104716601,-0.000533963961,0.000687269494
10.910000,566.037476,565.99408,61.6559979,61.6652946,0.0433962413,-0.00929677963,0.08148247,-0.071607627,0.0333435647,0.000104662933,-0.000533964369,0.000687296619
10.920000,566.653545,566.610474,61.5579314,61.5652924,0.0430718445,-0.00736099243,0.0814723819,-0.0716077685,0.0333435759,0.000104660845,-0.000533964369,0.000687297666
10.930000,567.268634,567.236084,61.4598649,61.4704437,0.0325504741,-0.0105788612,0.0810689777,-0.0716134608,0.0333440527,0.000104576364,-0.000533964892,0.000687340333
10.940000,567.882743,567.849548,61.3617984,61.3726425,0.0331944347,-0.0108441544,0.0810973421,-0.0716130584,0.0333440192,0.000104582381,-0.000533964834,0.000687337306
10.950000,568.49587,568.466003,61.2637319,61.2760391,0.0298670077,-0.0123072624,0.0809720233,-0.0716063157,0.0337764248,7.62301352e-05,-0.000509777456,0.000686902786
10.960000,569.108017,569.088196,61.1656654,61.1810265,0.019821611,-0.0153610992,0.0805877298,-0.0716118366,0.0337768868,7.61466363e-05,-0.000509777863,0.000686944986
10.970000,569.719184,569.703186,61.0675989,61.0843773,0.0159976977,-0.0167784309,0.0804469734,-0.0716138706,0.0337770581,7.61156916e-05,-0.000509777979,0.000686960586
10.980000,570.329369,570.32373,60.9695324,60.9883881,0.00563892021,-0.0188557053,0.0800518617,-0.071619615,0.0337775387,7.60278272e-05,-0.000509778329,0.00068700494
10.990000,570.938574,570.933716,60.8714659,60.8894463,0.0048585597,-0.0179804039,0.0800288469,-0.0716199502,0.0337775685,7.60226467e-05,-0.000509778329,0.000687007559
11.000000,571.546799,571.518616,60.7733994,60.7810173,0.0281829834,-0.00761795044,0.0812777281,-0.0725023374,0.0335082449,0.000122983896,-0.000469407125,0.000688006694
11.010000,572.154042,572.123047,60.6753329,60.6822472,0.0309954921,-0.00691431046,0.081386812,-0.0725008175,0.0335081145,0.000123007951,-0.000469407008,0.000687994529
11.020000,572.760305,572.729431,60.5772663,60.5840912,0.0308742107,-0.00682483673,0.0813845024,-0.0725008473,0.0335081182,0.000123007441,-0.000469407008,0.000687994761
11.030000,573.365588,573.328857,60.4791998,60.4833946,0.0367302722,-0.00419477463,0.0816103294,-0.0724976733,0.0335078426,0.000123058402,-0.000469406834,0.000687969034
11.040000,573.969889,573.939148,60.3811333,60.3870354,0.0307414108,-0.00590202332,0.0813851207,-0.0725008547,0.0335081182,0.00012300699,-0.000469406979,0.000687994994
11.050000,574.57321,574.538452,60.2830668,60.2878799,0.0347582126,-0.00481309891,0.081540592,-0.0725065619,0.0331967957,0.00015971213,-0.000487457815,0.000688587548
11.060000,575.175551,575.145508,60.1850003,60.1898766,0.0300428844,-0.00487621307,0.0813625976,-0.07250911,0.0331970155,0.000159670555,-0.000487457903,0.000688608561
11.070000,575.77691,575.750488,60.0869338,60.0922813,0.0264220866,-0.00534749985,0.0812271088,-0.072511062,0.0331971832,0.000159638541,-0.000487457961,0.000688624743
11.080000,576.377289,576.355957,59.9888673,59.9964828,0.0213323425,-0.00761550903,0.0810372829,-0.0725138038,0.0331974179,0.000159593183,-0.000487458019,0.000688647619
11.090000,576.976688,576.961853,59.8908008,59.8997574,0.0148346873,-0.00895654678,0.0807934552,-0.0725173503,0.0331977233,0.000159534247,-0.000487458077,0.000688677363
11.100000,577.575105,577.568665,59.7927343,59.8047752,0.00644083977,-0.0120409012,0.0803562924,-0.0690791309,0.0357052311,0.000155721413,-0.00050280377,0.000686493935
11.110000,578.172542,578.157959,59.6946678,59.7042885,0.014583417,-0.00962064743,0.0806666315,-0.0690748319,0.0357048512,0.000155794885,-0.000502803596,0.000686456857
11.120000,578.768999,578.76178,59.5966013,59.6071167,0.0072189621,-0.0105153656,0.0803923383,-0.0690786541,0.0357051902,0.000155729154,-0.000502803712,0.000686490035
11.130000,579.364474,579.348633,59.4985348,59.5057831,0.0158416156,-0.00724824905,0.0807213262,-0.0690740421,0.0357047841,0.000155808928,-0.000502803654,0.000686449755
11.140000,579.958969,579.934937,59.4004683,59.4062004,0.0240329205,-0.00573207855,0.0810314342,-0.0690696761,0.0357043967,0.000155885005,-0.000502803596,0.000686411397
11.150000,580.552484,580.524109,59.3024018,59.3084831,0.028374908,-0.00608129501,0.0811976418,-0.0690605268,0.0360287055,0.00013021988,-0.000483142969,0.000685963081
11.160000,581.145017,581.119751,59.2043353,59.2120056,0.0252665039,-0.00767028809,0.0810836032,-0.069062151,0.0360288471,0.000130191242,-0.000483142969,0.000685977517
11.170000,581.736571,581.717529,59.1062688,59.1157227,0.0190412044,-0.00945383072,0.0808524862,-0.0690654591,0.0360291377,0.000130132539,-0.000483142969,0.000686007144
11.180000,582.327143,582.287292,59.0082023,59.0096207,0.0398503765,-0.00141834259,0.08164078,-0.0690541044,0.0360281393,0.000130335073,-0.000483143056,0.00068590499
11.190000,582.916735,582.888916,58.9101358,58.9150352,0.0278185321,-0.00489942551,0.0811872408,-0.0690606758,0.0360287167,0.000130217173,-0.000483142969,0.000685964478
11.200000,583.505346,583.462524,58.8120693,58.8118858,0.0428211594,0.000183486938,0.0822436586,-0.0669627041,0.0385901406,9.79508986e-05,-0.000530843216,0.000681883947
11.210000,584.092976,584.046936,58.7140028,58.7146339,0.046039899,-0.000631122589,0.0823636279,-0.06696105,0.0385899916,9.79814286e-05,-0.000530843216,0.000681868521
11.220000,584.679626,584.632629,58.6159363,58.6159325,0.0469962353,3.85284423e-06,0.0824004188,-0.0669605359,0.0385899469,9.79909018e-05,-0.000530843216,0.000681863748
11.230000,585.265295,585.222778,58.5178698,58.5209007,0.0425163402,-0.00303091049,0.0822352171,-0.0669628456,0.0385901555,9.794785e-05,-0.000530843216,0.00068188546
11.240000,585.849983,585.805176,58.4198033,58.4216919,0.0448072449,-0.00188858032,0.0823215619,-0.0669616312,0.0385900475,9.79706092e-05,-0.000530843216,0.000681873993
11.250000,586.433691,586.382568,58.3217368,58.3213272,0.0511223674,0.000409603119,0.0825569108,-0.0669639185,0.0384345241,0.000121723191,-0.000540580018,0.000682303857
11.260000,587.016418,586.971313,58.2236703,58.2256088,0.0451042858,-0.00193851471,0.0823325962,-0.0669670999,0.0384348109,0.000121662699,-0.00054057996,0.000682334357
11.270000,587.598164,587.551514,58.1256038,58.125351,0.0466504611,0.000252857208,0.0823911801,-0.0669662654,0.0384347364,0.000121678684,-0.00054057996,0.000682326325
11.280000,588.17893,588.135498,58.0275373,58.0285835,0.0434317917,-0.00104621887,0.0822704807,-0.0669680014,0.0384348929,0.000121645382,-0.000540579902,0.000682343089
11.290000,588.758715,588.727966,57.9294708,57.9347725,0.0307485705,-0.00530168533,0.0817984194,-0.0669748113,0.0384355038,0.000121513673,-0.000540579611,0.000682409503
11.300000,589.337519,589.292603,57.8314043,57.8311653,0.0449167156,0.000238990784,0.0828276947,-0.0714706481,0.0364872105,7.26897633e-05,-0.000547860691,0.000686915417
11.310000,589.915343,589.875061,57.7333378,57.7349129,0.0402819301,-0.00157506943,0.0826571286,-0.071472995,0.0364874266,7.26431244e-05,-0.000547860633,0.000686938933
11.320000,590.492186,590.455688,57.6352713,57.6386719,0.0364975342,-0.00340057373,0.0825170577,-0.0714749321,0.0364876054,7.26043654e-05,-0.000547860574,0.00068695849
11.330000,591.068048,591.0224,57.5372048,57.5377769,0.0456484889,-0.000572147369,0.0828562379,-0.0714702085,0.0364871696,7.26993603e-05,-0.000547860749,0.000686910586
11.340000,591.64293,591.595459,57.4391383,57.4397507,0.0474711224,-0.000612373352,0.0829227343,-0.0714692771,0.0364870839,7.2718205e-05,-0.000547860807,0.000686901098
11.350000,592.216831,592.163757,57.3410718,57.3400536,0.053073833,0.00101823807,0.0831277668,-0.0714664608,0.0363271534,6.61261511e-05,-0.000558458501,0.000686687825
11.360000,592.789752,592.727112,57.2430053,57.2382889,0.0626397263,0.00471641541,0.0834801197,-0.0714614689,0.0363266952,6.62284147e-05,-0.000558458734,0.000686636311
11.370000,593.361691,593.309021,57.1449388,57.1436501,0.052670267,0.00128873825,0.0831119567,-0.0714667141,0.0363271758,6.61203158e-05,-0.000558458501,0.000686690793
11.380000,593.93265,593.882812,57.0468723,57.0453529,0.0498378185,0.00151935577,0.0830057114,-0.0714682341,0.0363273136,6.60887599e-05,-0.000558458443,0.000686706684
11.390000,594.502629,594.449341,56.9488058,56.946167,0.0532878886,0.00263879776,0.0831302702,-0.0714664385,0.0363271497,6.61261729e-05,-0.00055845856,0.000686687825
11.400000,595.071626,595.025635,56.8507393,56.852314,0.0459916687,-0.00157470703,0.0827148706,-0.0777545422,0.0338969305,1.37508023e-05,-0.000565069204,0.000694365124
11.410000,595.639643,595.590576,56.7526728,56.7537498,0.0490673228,-0.0010770607,0.0828289017,-0.0777529702,0.0338967815,1.37843863e-05,-0.000565069262,0.000694348186
11.420000,596.20668,596.161194,56.6546063,56.6560631,0.0454860424,-0.00145679474,0.0826997831,-0.0777547583,0.0338969491,1.37459401e-05,-0.000565069146,0.000694367569
11.430000,596.772736,596.711365,56.5565398,56.554985,0.0613708743,0.00155473709,0.0832780227,-0.0777467117,0.0338961929,1.39200611e-05,-0.000565069669,0.00069427985
11.440000,597.337811,597.277344,56.4584733,56.4558258,0.0604669357,0.0026474762,0.0832456797,-0.0777471662,0.0338962339,1.39102103e-05,-0.000565069611,0.000694284798
11.450000,597.901905,597.839478,56.3604068,56.3563614,0.062427547,0.00404539108,0.0833179578,-0.0777482837,0.0340470821,3.12483098e-05,-0.000554564933,0.000694702147
11.460000,598.465019,598.398743,56.2623403,56.2572441,0.0662761456,0.00509616852,0.0834558234,-0.0777463317,0.0340468995,3.12912307e-05,-0.000554565049,0.000694680552
11.470000,599.027152,598.95874,56.1642738,56.1595268,0.0684116572,0.00474695206,0.0835317299,-0.0777452514,0.0340467989,3.13151213e-05,-0.000554565107,0.000694668503
11.480000,599.588304,599.517334,56.0662073,56.0594292,0.0709703125,0.00677810669,0.0836229101,-0.0777439475,0.034046676,3.13441415e-05,-0.000554565224,0.000694653892
11.490000,600.148476,600.076904,55.9681408,55.9603996,0.0715717402,0.00774114609,0.0836424381,-0.0777436644,0.0340466499,3.13504243e-05,-0.000554565224,0.000694650749
11.500000,600.707667,600.653687,55.8700743,55.8690224,0.0539805889,0.00105190277,0.0828840286,-0.0727771074,0.0324328393,-3.05268222e-05,-0.000563104753,0.000685941952
11.510000,601.265878,601.20575,55.7720078,55.7678261,0.0601280108,0.00418169022,0.083105132,-0.0727740675,0.0324325487,-3.04570167e-05,-0.000563104986,0.000685906794
11.520000,601.823107,601.769104,55.6739413,55.6724358,0.0540032639,0.00150550842,0.0828847513,-0.0727771148,0.0324328393,-3.05273679e-05,-0.000563104695,0.000685942243
11.530000,602.379356,602.33728,55.5758748,55.5775871,0.0420760745,-0.00171236038,0.0824564323,-0.0727830678,0.0324334092,-3.06656002e-05,-0.000563104113,0.000686011859
11.540000,602.934625,602.880615,55.4778083,55.4770889,0.0540095287,0.000719337463,0.0828859583,-0.0727770701,0.0324328355,-3.05254762e-05,-0.000563104753,0.000685941312
11.550000,603.488913,603.442139,55.3797418,55.3796196,0.0467738414,0.00012216568,0.0826262087,-0.0727693141,0.0330777168,-4.40833828e-05,-0.000516868662,0.00068566727
11.560000,604.04222,603.992737,55.2816753,55.2808189,0.049482782,0.000856323242,0.0827219933,-0.0727679655,0.0330775902,-4.40514632e-05,-0.000516868779,0.000685651205
11.570000,604.594546,604.542725,55.1836088,55.1818352,0.0518214091,0.00177358627,0.0828044936,-0.0727667958,0.0330774784,-4.40236799e-05,-0.000516868895,0.000685637235
11.580000,605.145892,605.088806,55.0855423,55.0814362,0.0570856213,0.00410610199,0.0829930753,-0.0727641061,0.0330772251,-4.39594805e-05,-0.000516869186,0.000685604929
11.590000,605.696257,605.635742,54.9874758,54.9809303,0.0605146762,0.00654542923,0.0831150711,-0.0727623552,0.0330770612,-4.39175055e-05,-0.000516869419,0.0006855838
11.600000,606.245641,606.182556,54.8894093,54.8827438,0.0630851364,0.00666542053,0.0830627829,-0.0748790726,0.0340980999,-2.97293063e-05,-0.000547167321,0.000689807755
11.610000,606.794045,606.736389,54.7913428,54.7884102,0.0576558887,0.0029325676,0.0828673393,-0.0748817548,0.0340983607,-2.97952884e-05,-0.00054716703,0.000689840992
11.620000,607.341468,607.291565,54.6932763,54.6912727,0.0499032024,0.00200351715,0.0825930014,-0.0748855397,0.0340987295,-2.98889136e-05,-0.000547166623,0.00068988814
11.630000,607.887911,607.852051,54.5952098,54.5955734,0.0358597926,-0.000363674164,0.0820952654,-0.0748924464,0.0340993963,-3.00605716e-05,-0.000547165808,0.000689974579
11.640000,608.433372,608.391846,54.4971432,54.4949684,0.0415266357,0.00217483521,0.0822962075,-0.074889645,0.0340991244,-2.9990546e-05,-0.000547166157,0.000689939305
11.650000,608.977853,608.918213,54.3990767,54.3917122,0.0596405482,0.00736455917,0.0829355046,-0.0748723596,0.0340777449,-7.5099415e-05,-0.000549000746,0.000688768923
11.660000,609.521354,609.467712,54.3010102,54.2950821,0.0536414715,0.00592815399,0.082721144,-0.0748753846,0.0340780355,-7.51756743e-05,-0.000549000397,0.00068880734
11.670000,610.063874,610.001099,54.2029437,54.1932411,0.062775011,0.00970262527,0.08304362,-0.0748708174,0.0340775959,-7.50598119e-05,-0.000549000979,0.000688749016
11.680000,610.605413,610.536499,54.1048772,54.09272,0.0689137253,0.0121572113,0.0832566395,-0.074867785,0.0340773053,-7.4982534e-05,-0.000549001386,0.000688710134
11.690000,611.145971,611.068909,54.0068107,53.9918289,0.0770624972,0.014981823,0.0835420191,-0.0748637021,0.0340769142,-7.48780294e-05,-0.000549001968,0.000688657514
11.700000,611.685549,611.602112,53.9087442,53.8914566,0.0834371471,0.0172876358,0.0838011354,-0.0732095987,0.0315868482,-8.26370015e-05,-0.0005235594,0.000684518658
11.710000,612.224146,612.150391,53.8106777,53.7951317,0.0737554484,0.0155460548,0.08345633,-0.0732143298,0.0315873139,-8.27611366e-05,-0.000523558818,0.000684581115
11.720000,612.761763,612.678711,53.7126112,53.6931572,0.0830515808,0.0194540405,0.0837760717,-0.073209919,0.0315868817,-8.26449323e-05,-0.0005235594,0.000684522616
11.730000,613.298398,613.202026,53.6145447,53.5907707,0.096371931,0.0237740135,0.0842351913,-0.0732035562,0.0315862596,-8.24764938e-05,-0.000523560273,0.000684437808
11.740000,613.834053,613.741638,53.5164782,53.4933014,0.0924152294,0.0231768417,0.0840869844,-0.0732056201,0.0315864608,-8.25313837e-05,-0.000523559982,0.000684465456
11.750000,614.368728,614.278931,53.4184117,53.3948288,0.0897971988,0.0235829353,0.0839856565,-0.073213242,0.031066183,-9.50511894e-05,-0.000564320304,0.000684274302
11.760000,614.902422,614.822571,53.3203452,53.2994232,0.0798508469,0.0209220123,0.0836290717,-0.0732182562,0.031066671,-9.51857364e-05,-0.000564319605,0.000684341998
11.770000,615.435135,615.356079,53.2222787,53.2009621,0.0790556659,0.0213166618,0.0835941806,-0.073218748,0.0310667194,-9.51990223e-05,-0.000564319547,0.000684348692
11.780000,615.966867,615.889038,53.1242122,53.1032028,0.0778291363,0.021009407,0.0835432261,-0.0732194707,0.0310667902,-9.52185947e-05,-0.000564319431,0.000684358529
11.790000,616.497619,616.422913,53.0261457,53.0076981,0.0747064143,0.0184476662,0.0834268853,-0.0732211322,0.0310669504,-9.52636692e-05,-0.000564319198,0.00068438123
11.800000,617.02739,616.968323,52.9280792,52.9155769,0.0590673828,0.0125022888,0.082764104,-0.0691215917,0.0320745707,-4.94963278e-05,-0.000550127705,0.000676214637
11.810000,617.556181,617.493103,52.8300127,52.8169594,0.0630775691,0.0130533409,0.0828982741,-0.0691197515,0.0320743881,-4.94451524e-05,-0.000550127937,0.000676188909
11.820000,618.08399,618.01886,52.7319462,52.7197227,0.0651305279,0.0122234726,0.0829658359,-0.0691188201,0.032074295,-4.94191518e-05,-0.000550128054,0.000676175812
11.830000,618.61082,618.551819,52.6338797,52.6234283,0.0590006732,0.0104513741,0.0827500895,-0.0691218078,0.0320745893,-4.95029162e-05,-0.000550127646,0.000676217955
11.840000,619.136668,619.069763,52.5358132,52.524147,0.0669048019,0.0116661835,0.0830205008,-0.0691180527,0.0320742205,-4.93969928e-05,-0.00055012817,0.000676164636
11.850000,619.661536,619.602356,52.4377467,52.4277878,0.0591798282,0.00995893478,0.0827518329,-0.0691193864,0.0322238952,-5.01079994e-05,-0.000537957647,0.000676185417
11.860000,620.185423,620.137817,52.3396802,52.3328285,0.047605537,0.0068516922,0.0823504478,-0.069125019,0.0322244465,-5.02679941e-05,-0.00053795689,0.000676265918
11.870000,620.708329,620.656982,52.2416137,52.2330818,0.0513469676,0.00853189468,0.0824775547,-0.0691232309,0.0322242714,-5.02168987e-05,-0.000537957123,0.00067624019
11.880000,621.230255,621.183716,52.1435472,52.1361008,0.0465393738,0.00744644165,0.0823084265,-0.0691256225,0.0322245061,-5.02854455e-05,-0.000537956832,0.000676274649
11.890000,621.7512,621.702881,52.0454807,52.037899,0.0483194743,0.00758169174,0.0823669434,-0.069124788,0.0322244242,-5.02615367e-05,-0.000537956948,0.0006762626
11.900000,622.271165,622.225159,51.9474142,51.9400024,0.0460061169,0.00741176605,0.0823722184,-0.0662027597,0.0316289179,-5.8587495e-05,-0.000510787591,0.000668597699
11.910000,622.790149,622.741089,51.8493477,51.8382797,0.0490597507,0.0110679817,0.0824739039,-0.0662013665,0.0316287801,-5.8546575e-05,-0.000510787766,0.000668577093
11.920000,623.308152,623.259583,51.7512812,51.7400818,0.0485692429,0.0111994171,0.0824531242,-0.0662016496,0.0316288099,-5.85550042e-05,-0.000510787708,0.000668581342
11.930000,623.825174,623.766907,51.6532147,51.6397667,0.0582675036,0.0134480095,0.0827799439,-0.066197142,0.0316283628,-5.8421334e-05,-0.00051078829,0.000668514112
11.940000,624.341216,624.278503,51.5551482,51.5391426,0.0627126385,0.0160055923,0.082928665,-0.0661950782,0.0316281579,-5.8359994e-05,-0.000510788523,0.000668483262
11.950000,624.856277,624.799561,51.4570817,51.4424248,0.0567166591,0.0146569252,0.0827186927,-0.0661967173,0.0313549191,-9.71424815e-05,-0.000534368155,0.000667693443
11.960000,625.370358,625.313171,51.3590152,51.3439903,0.0571863037,0.0150248718,0.0827291161,-0.0661965683,0.0313549042,-9.71381087e-05,-0.000534368155,0.000667691231
11.970000,625.883458,625.829041,51.2609487,51.2461929,0.0544169826,0.014755764,0.0826288685,-0.0661979765,0.031355042,-9.7180462e-05,-0.00053436798,0.000667712535
11.980000,626.395577,626.336182,51.1628822,51.1456985,0.0593950237,0.0171836472,0.0827933028,-0.0661956593,0.0313548148,-9.71104528e-05,-0.000534368271,0.000667677319
11.990000,626.906715,626.85376,51.0648157,51.0499039,0.0529553882,0.0149118233,0.0825700611,-0.0661988184,0.031355124,-9.72062189e-05,-0.000534367922,0.000667725457
12.000000,627.416873,627.368164,50.9667492,50.9517403,0.0487089157,0.0150089264,0.0824650601,-0.062753506,0.0322386213,-2.10144408e-05,-0.000524625939,0.000658860488
12.010000,627.92605,627.878052,50.8686827,50.8527298,0.0479983798,0.0159528923,0.082436353,-0.0627539009,0.0322386622,-2.1026588e-05,-0.000524625881,0.0006588666
12.020000,628.434247,628.377869,50.7706162,50.751606,0.0563779797,0.0190102005,0.0827146992,-0.0627500936,0.0322382823,-2.09079972e-05,-0.000524626288,0.000658806995
12.030000,628.941462,628.878296,50.6725497,50.6512527,0.0631665629,0.0212969398,0.0829375088,-0.0627470315,0.0322379768,-2.08124184e-05,-0.000524626637,0.000658758916
12.040000,629.447698,629.392273,50.5744832,50.5548096,0.0554246765,0.0196736145,0.0826705098,-0.0627507195,0.0322383419,-2.09277514e-05,-0.00052462623,0.000658816891
12.050000,629.952952,629.898682,50.4764167,50.4576683,0.0542704844,0.0187483788,0.0826251134,-0.0627524704,0.0323602073,-3.63554364e-06,-0.000513662526,0.000659240235
12.060000,630.457226,630.416382,50.3783502,50.3649597,0.0408441235,0.0133904648,0.082167238,-0.0627588406,0.0323608369,-3.83621e-06,-0.000513661886,0.000659341109
12.070000,630.960519,630.92627,50.2802837,50.2684822,0.0342495975,0.0118014717,0.0819415674,-0.0627619922,0.0323611498,-3.93579921e-06,-0.000513661595,0.000659391168
12.080000,631.462832,631.43335,50.1822172,50.1725464,0.0294820236,0.00967079163,0.0817781761,-0.062764287,0.032361377,-4.00840281e-06,-0.000513661362,0.000659427664
12.090000,631.964163,631.940491,50.0841507,50.0747261,0.0236727496,0.00942457199,0.0815795809,-0.062767081,0.0323616527,-4.09724862e-06,-0.000513661071,0.000659472309
12.100000,632.464515,632.447021,49.9860842,49.9792061,0.0174931622,0.0068780899,0.0811294839,-0.0645468831,0.0319471955,3.61830535e-05,-0.00052259682,0.000666728301
12.110000,632.963885,632.953247,49.8880177,49.8827934,0.0106380855,0.00522424698,0.0808994249,-0.0645500049,0.0319475085,3.60815138e-05,-0.000522596529,0.00066677935
12.120000,633.462275,633.437683,49.7899512,49.7795029,0.0245918945,0.0104483032,0.0813628957,-0.0645436868,0.0319468752,3.62875362e-05,-0.000522597169,0.000666675798
12.130000,633.959684,633.933594,49.6918847,49.680809,0.0260904292,0.0110756493,0.0814102516,-0.0645430386,0.0319468118,3.63087347e-05,-0.000522597227,0.000666665146
12.140000,634.456113,634.436768,49.5938182,49.5828972,0.0193451153,0.0109209824,0.0811821744,-0.0645461679,0.0319471247,3.62059145e-05,-0.000522596936,0.000666716835
12.150000,634.951561,634.933777,49.4957517,49.4856377,0.0177836871,0.0101140022,0.0811263695,-0.064534761,0.0318128951,-5.51551966e-05,-0.000535855244,0.000664518739
12.160000,635.446028,635.424622,49.3976852,49.3863373,0.0214061447,0.0113478851,0.0812442526,-0.0645331293,0.0318127312,-5.51013291e-05,-0.000535855361,0.000664491672
12.170000,635.939514,635.911865,49.2996187,49.2853394,0.0276490115,0.0142793083,0.081446223,-0.0645303205,0.0318124518,-5.50084442e-05,-0.000535855594,0.00066444499
12.180000,636.43202,636.417297,49.2015522,49.1918488,0.0147227367,0.00970340729,0.0810129941,-0.0645363629,0.0318130516,-5.52089441e-05,-0.00053585507,0.000664545747
12.190000,636.923545,636.918945,49.1034857,49.0964279,0.00459997664,0.00705774307,0.0806748122,-0.064541094,0.0318135209,-5.53663813e-05,-0.000535854662,0.000664624909
12.200000,637.41409,637.38739,49.0054192,48.9882469,0.0266996765,0.0171722412,0.081717819,-0.0638945699,0.0320208967,-0.00010700967,-0.000518764893,0.000661863305
12.210000,637.903654,637.88739,48.9073527,48.891407,0.0162635356,0.0159456444,0.0813674852,-0.063899301,0.0320213772,-0.000107170767,-0.000518764486,0.000661944272
12.220000,638.392237,638.364441,48.8092862,48.7902336,0.0277959484,0.0190525436,0.0817401484,-0.0638942495,0.0320208669,-0.000106998319,-0.000518764893,0.000661857601
12.230000,638.879839,638.863892,48.7112197,48.6959038,0.0159477939,0.015315876,0.0813446715,-0.0638996288,0.0320214108,-0.000107182459,-0.000518764427,0.000661950151
12.240000,639.366461,639.349609,48.6131532,48.5993462,0.0168518845,0.0138069916,0.081368871,-0.063899301,0.0320213772,-0.000107171123,-0.000518764427,0.000661944447
12.250000,639.852102,639.83136,48.5150867,48.4995651,0.0207425952,0.0155215263,0.0814934671,-0.0638895184,0.0320576839,-0.000151769535,-0.000515639898,0.000660758873
12.260000,640.336763,640.320435,48.4170201,48.4024963,0.0163284222,0.0145238113,0.0813428834,-0.0638915896,0.0320578925,-0.000151841057,-0.000515639724,0.000660794845
12.270000,640.820443,640.795044,48.3189536,48.30159,0.0253989161,0.0173636818,0.0816356689,-0.063887544,0.0320574865,-0.00015170101,-0.000515640015,0.000660724472
12.280000,641.303142,641.280029,48.2208871,48.2038193,0.0231127686,0.0170678711,0.0815553665,-0.0638886541,0.0320575982,-0.000151739689,-0.000515639957,0.000660743914
12.290000,641.784861,641.769226,48.1228206,48.1065941,0.0156345302,0.0162265587,0.0813054293,-0.0638921335,0.0320579447,-0.000151860877,-0.000515639666,0.000660804799
12.300000,642.265598,642.252441,48.0247541,48.0117149,0.0131570721,0.0130392075,0.0809030905,-0.0656764656,0.0303830486,-0.000173201435,-0.000517372566,0.000667366083
12.310000,642.745356,642.733765,47.9266876,47.91465,0.0115910388,0.0120376778,0.0808481798,-0.0656772032,0.0303831231,-0.000173227731,-0.000517372508,0.000667379296
12.320000,643.224132,643.213623,47.8286211,47.8157578,0.0105091843,0.0128633881,0.0808085501,-0.0656777397,0.0303831771,-0.000173246837,-0.000517372449,0.0006673889
12.330000,643.701928,643.689636,47.7305546,47.7177925,0.0122918796,0.0127621269,0.0808619261,-0.065677017,0.0303831045,-0.000173220935,-0.000517372508,0.000667375862
12.340000,644.178743,644.184814,47.6324881,47.6261139,-0.00607112923,0.00637424469,0.0802616552,-0.0656851754,0.0303839315,-0.000173514054,-0.000517371926,0.000667523127
12.350000,644.654578,644.658936,47.5344216,47.5281906,-0.00435767412,0.00623102188,0.0803146884,-0.0656989142,0.0302593391,-9.9485027e-05,-0.000529264216,0.000669487985
12.360000,645.129432,645.12915,47.4363551,47.4277496,0.000281365967,0.00860549927,0.0804629475,-0.0656968877,0.0302591342,-9.94117145e-05,-0.000529264333,0.000669451139
12.370000,645.603305,645.605164,47.3382886,47.3281441,-0.0018585988,0.010144558,0.0803915486,-0.0656978711,0.030259233,-9.94472211e-05,-0.000529264275,0.000669468951
12.380000,646.076198,646.078735,47.2402221,47.2307129,-0.00253782234,0.0095092392,0.0803658143,-0.0656982288,0.0302592684,-9.94600923e-05,-0.000529264275,0.000669475412
12.390000,646.548109,646.549927,47.1421556,47.1321259,-0.0018173398,0.0100297737,0.0803848878,-0.065697968,0.0302592423,-9.94504953e-05,-0.000529264275,0.000669470581
12.400000,647.019041,647.021118,47.0440891,47.0342598,-0.00207752228,0.00982933044,0.0805021226,-0.0667162687,0.029281646,-0.000158813637,-0.000523903407,0.000672848779
12.410000,647.488991,647.489075,46.9460226,46.9354515,-8.35064889e-05,0.0105711174,0.0805623978,-0.066715464,0.0292815641,-0.00015878366,-0.000523903465,0.000672833703
12.420000,647.957961,647.952148,46.8479561,46.8347664,0.00581265678,0.0131897354,0.080749087,-0.0667129606,0.029281307,-0.00015869028,-0.00052390364,0.000672786788
12.430000,648.42595,648.426453,46.7498896,46.7378464,-0.000502313709,0.0120432472,0.0805412158,-0.066715762,0.029281592,-0.000158794835,-0.000523903465,0.000672839291
12.440000,648.892959,648.889465,46.6518231,46.6395988,0.00349355469,0.0122242737,0.0806663111,-0.0667140707,0.0292814188,-0.000158731564,-0.000523903582,0.00067280751
12.450000,649.358987,649.362915,46.5537566,46.5452995,-0.00392825365,0.00845708847,0.0804231614,-0.0667130426,0.0292995982,-0.000184233606,-0.000522273534,0.000672195631
12.460000,649.824034,649.836121,46.4556901,46.4493446,-0.0120865864,0.00634548187,0.0801597908,-0.0667166263,0.0292999614,-0.000184368415,-0.00052227336,0.000672263326
12.470000,650.288101,650.291931,46.3576236,46.350029,-0.00383056459,0.00759462357,0.080420956,-0.0667130649,0.0292996,-0.000184233912,-0.000522273534,0.000672195747
12.480000,650.751186,650.752075,46.2595571,46.2519646,-0.000888703918,0.00759254456,0.0805118978,-0.0667118207,0.0292994734,-0.000184186792,-0.000522273593,0.000672172057
12.490000,651.213292,651.216248,46.1614906,46.1558151,-0.00295582857,0.00567548752,0.0804435238,-0.0667127594,0.0292995684,-0.000184222445,-0.000522273534,0.000672189984
12.500000,651.674416,651.690186,46.0634241,46.0617905,-0.0157692432,0.0016336441,0.0798966885,-0.0695622116,0.0281300247,-0.000270479126,-0.000473911758,0.000679762335
12.510000,652.13456,652.135986,45.9653576,45.9590073,-0.00142611589,0.00635034561,0.0803508982,-0.0695561767,0.0281294025,-0.000270245073,-0.000473912049,0.000679644814
12.520000,652.593723,652.582825,45.8672911,45.8577728,0.0108987488,0.00951828003,0.080740355,-0.0695509836,0.028128868,-0.000270043063,-0.000473912281,0.000679543358
12.530000,653.051906,653.03064,45.7692246,45.7585449,0.0212663859,0.0106796837,0.0810659677,-0.069546625,0.0281284209,-0.000269873039,-0.000473912485,0.000679457968
12.540000,653.509108,653.477783,45.6711581,45.6559715,0.0313247448,0.0151865768,0.08138147,-0.0695423856,0.0281279869,-0.000269707263,-0.00047391266,0.000679374731
12.550000,653.965329,653.925415,45.5730916,45.5565872,0.0399141574,0.0165043831,0.0816479847,-0.0695357472,0.0281391423,-0.000289670832,-0.000472854706,0.000678780198
12.560000,654.42057,654.363525,45.4750251,45.4541054,0.0570443893,0.0209197235,0.0821839944,-0.0695284903,0.0281384047,-0.000289385614,-0.000472854939,0.000678636949
12.570000,654.87483,654.813477,45.3769586,45.3547287,0.061353136,0.0222299004,0.0823129937,-0.0695267394,0.0281382259,-0.000289316551,-0.000472854997,0.000678602257
12.580000,655.328109,655.272827,45.2788921,45.2584038,0.0552818035,0.0204883194,0.082115151,-0.0695294365,0.0281384997,-0.0002894231,-0.00047285491,0.00067865575
12.590000,655.780408,655.729797,45.1808256,45.1631317,0.0506101771,0.017693882,0.0819609165,-0.069531545,0.0281387139,-0.000289506657,-0.000472854852,0.000678697717
12.600000,656.231725,656.162415,45.0827591,45.0592804,0.0693109131,0.0234786987,0.0826034099,-0.0699163154,0.0274211429,-0.000267950556,-0.000463408243,0.000679781311
12.610000,656.682063,656.624512,44.9846926,44.96315,0.0575510036,0.0215425682,0.0822289512,-0.06992127,0.0274216551,-0.000268151256,-0.000463408127,0.000679882069
12.620000,657.131419,657.056702,44.8866261,44.8585854,0.0747176556,0.0280407333,0.0827613249,-0.0699141994,0.0274209268,-0.000267864321,-0.000463408302,0.000679738005
12.630000,657.579795,657.512024,44.7885596,44.7610283,0.0677713183,0.0275312996,0.0825358555,-0.069917202,0.027421236,-0.000267986499,-0.000463408214,0.000679799356
12.640000,658.027191,657.954834,44.6904931,44.66119,0.0723565231,0.0293030548,0.0826720968,-0.0699153766,0.0274210498,-0.000267912255,-0.000463408243,0.000679762103
12.650000,658.473605,658.395691,44.5924266,44.5614586,0.0779141879,0.0309679985,0.0828368366,-0.0699105039,0.0276417285,-0.000229615063,-0.000437377166,0.000680367637
12.660000,658.919039,658.838196,44.4943601,44.4608231,0.0808432384,0.0335370255,0.0829190016,-0.0699094012,0.0276416149,-0.000229569778,-0.000437377166,0.000680344878
12.670000,659.363492,659.285278,44.3962936,44.3623505,0.0782139873,0.033943119,0.0828248933,-0.0699106753,0.0276417453,-0.000229621932,-0.000437377166,0.000680371071
12.680000,659.806965,659.718262,44.2982271,44.2609177,0.0887031921,0.0373094177,0.0831406489,-0.0699063987,0.0276413094,-0.00022944597,-0.000437377195,0.000680282712
12.690000,660.249457,660.163513,44.2001606,44.163414,0.0859436656,0.0367465782,0.0830437988,-0.0699077174,0.0276414435,-0.000229500234,-0.000437377195,0.000680309953
12.700000,660.690968,660.608765,44.1020941,44.0675468,0.082203474,0.0345472336,0.0829006955,-0.0658345744,0.0270267893,-0.00022566125,-0.000473414635,0.00066336029
12.710000,661.131499,661.037231,44.0040276,43.9678078,0.0942672854,0.0362198067,0.0832635239,-0.0658297986,0.0270262938,-0.000225460011,-0.000473414664,0.000663259241
12.720000,661.571049,661.47876,43.9059611,43.8718376,0.0922889084,0.0341234589,0.0831924975,-0.0658307374,0.0270263907,-0.000225499607,-0.000473414664,0.000663279148
12.730000,662.009618,661.911499,43.8078946,43.7717972,0.0981189288,0.036097393,0.083363317,-0.0658284724,0.0270261578,-0.000225403855,-0.000473414664,0.000663231069
12.740000,662.447207,662.346313,43.7098281,43.6735458,0.100893089,0.0362822342,0.0834383219,-0.065827474,0.0270260554,-0.000225361582,-0.000473414664,0.000663209823
12.750000,662.883815,662.78595,43.6117616,43.5759087,0.0978648067,0.0358529091,0.0833320543,-0.0658271313,0.0269296952,-0.000269056327,-0.000485644006,0.000662282633
12.760000,663.319442,663.222351,43.5136951,43.4780197,0.0970907227,0.035675354,0.083296217,-0.0658276081,0.0269297436,-0.000269076758,-0.000485644006,0.000662292878
12.770000,663.754088,663.663208,43.4156286,43.3810272,0.0908804072,0.0346013451,0.0830935687,-0.0658303276,0.0269300211,-0.000269192969,-0.000485644094,0.000662351202
12.780000,664.187754,664.095825,43.3175621,43.2842522,0.0919291729,0.0333098984,0.0831162781,-0.0658300221,0.0269299895,-0.000269179873,-0.000485644094,0.000662344624
12.790000,664.62044,664.518127,43.2194956,43.1836777,0.102312215,0.0358178902,0.0834265798,-0.0658258274,0.0269295629,-0.000268999924,-0.000485643948,0.000662254286
12.800000,665.052144,664.940369,43.1214291,43.0810242,0.111775627,0.040404892,0.0838418081,-0.0637115538,0.0253915302,-0.000139485579,-0.000478779286,0.00065604219
12.810000,665.482868,665.378662,43.0233626,42.9841843,0.104206128,0.0391782951,0.0835970491,-0.063714765,0.0253918637,-0.000139626078,-0.000478779402,0.000656112737
12.820000,665.912612,665.823486,42.9252961,42.8908157,0.0891252026,0.0344803238,0.083124429,-0.0637209788,0.0253925063,-0.000139898868,-0.000478779693,0.000656249642
12.830000,666.341374,666.241455,42.8272296,42.7902946,0.0999190806,0.0369349098,0.0834428146,-0.0637167767,0.0253920723,-0.000139714073,-0.000478779461,0.000656156859
12.840000,666.769156,666.674683,42.7291631,42.6926308,0.0944735046,0.0365322876,0.0832653195,-0.0637191236,0.0253923144,-0.000139817654,-0.000478779606,0.000656208838
12.850000,667.195957,667.101624,42.6310966,42.5949631,0.0943338847,0.0361334801,0.083249718,-0.0637165084,0.0254333597,-0.000153966597,-0.000473749998,0.000655799347
12.860000,667.621778,667.514526,42.5330301,42.4932404,0.107251686,0.0397896957,0.0836343542,-0.0637113824,0.0254328344,-0.000153739631,-0.000473749533,0.000655685435
12.870000,668.046618,667.934631,42.4349636,42.3936577,0.111986673,0.0413058662,0.0837662295,-0.0637096167,0.0254326537,-0.000153661385,-0.000473749358,0.000655646145
12.880000,668.470477,668.358887,42.336897,42.2955246,0.111590605,0.0413724518,0.083742559,-0.063709937,0.0254326854,-0.000153675501,-0.000473749387,0.000655653246
12.890000,668.893356,668.774292,42.2388305,42.1985207,0.11906397,0.0403098869,0.0839577913,-0.0637070388,0.0254323911,-0.000153546425,-0.000473749038,0.000655588461
12.900000,669.315254,669.21759,42.140764,42.1050949,0.0976636028,0.035669136,0.0833271816,-0.0570231602,0.0256625991,-8.9915673e-05,-0.000469394348,0.000628777605
12.910000,669.736171,669.638123,42.0426975,42.0059013,0.0980486842,0.0367962074,0.0833271816,-0.0570231602,0.0256625991,-8.9915673e-05,-0.000469394348,0.000628777605
12.920000,670.156108,670.055176,41.944631,41.9063644,0.100932104,0.0382666016,0.0834024772,-0.057022173,0.0256624967,-8.98707221e-05,-0.000469394232,0.00062875502
12.930000,670.575064,670.472717,41.8465645,41.8089981,0.102346579,0.037566433,0.083434552,-0.057021752,0.0256624538,-8.985147e-05,-0.000469394174,0.000628745358
12.940000,670.993039,670.892151,41.748498,41.712471,0.100888298,0.0360270309,0.083378993,-0.0570224822,0.0256625284,-8.98850049e-05,-0.000469394261,0.00062876218
12.950000,671.410034,671.314148,41.6504315,41.6157913,0.0958858752,0.0346402168,0.0832156613,-0.0570247322,0.0255855117,-0.000112170863,-0.00047996809,0.000628343667
12.960000,671.826048,671.72052,41.552365,41.5151711,0.105527788,0.037193985,0.0834959224,-0.0570210181,0.0255851317,-0.000112000002,-0.000479967508,0.000628257927
12.970000,672.241081,672.137756,41.4542985,41.4147148,0.103324778,0.0395837212,0.0834183022,-0.05702205,0.0255852379,-0.000112047528,-0.000479967683,0.000628281792
12.980000,672.655134,672.545471,41.356232,41.3145332,0.109662587,0.0416987991,0.0835964233,-0.057019677,0.0255849957,-0.000111938003,-0.000479967275,0.000628226844
12.990000,673.068206,672.954468,41.2581655,41.2161407,0.113737992,0.0420247841,0.0837063864,-0.0570182092,0.0255848467,-0.000111870126,-0.000479967013,0.000628192793
13.000000,673.480297,673.358337,41.160099,41.1141205,0.121959686,0.0459785461,0.0842483118,-0.0572782233,0.0247110017,-8.69465657e-05,-0.000501156785,0.000628043548
13.010000,673.891408,673.76886,41.0620325,41.0145874,0.122547883,0.0474451256,0.0842525437,-0.0572781675,0.0247109961,-8.69439755e-05,-0.000501156785,0.000628042268
13.020000,674.301538,674.177917,40.963966,40.9165001,0.123620259,0.0474659348,0.084270969,-0.057277929,0.0247109719,-8.69326541e-05,-0.000501156726,0.000628036563
13.030000,674.710687,674.590759,40.8658995,40.8201904,0.11992779,0.045709095,0.0841472298,-0.0572795421,0.0247111376,-8.70089571e-05,-0.000501157017,0.000628074864
13.040000,675.118856,675.00116,40.767833,40.721096,0.117696062,0.0467369843,0.084066391,-0.0572806001,0.0247112457,-8.70589793e-05,-0.000501157192,0.000628099951
13.050000,675.526044,675.389404,40.6697665,40.6191559,0.136639431,0.0506106377,0.0846177563,-0.057272397,0.0245599281,-0.000135572249,-0.000522840477,0.000626795401
13.060000,675.932251,675.804749,40.5717,40.5230751,0.127502525,0.0486249161,0.0843293592,-0.0572761856,0.0245603174,-0.000135751849,-0.000522841292,0.000626885507
13.070000,676.337478,676.207458,40.4736335,40.4253731,0.130019232,0.0482604408,0.0843898579,-0.0572753884,0.0245602354,-0.000135714057,-0.000522841117,0.000626866531
13.080000,676.741724,676.61145,40.375567,40.3273392,0.130273535,0.0482278442,0.084382765,-0.0572754815,0.0245602448,-0.00013571851,-0.000522841117,0.000626868743
13.090000,677.144989,677.024109,40.2775005,40.2316322,0.120880181,0.0458682823,0.0840886608,-0.0572793707,0.0245606415,-0.000135903305,-0.00052284199,0.000626961468
13.100000,677.547274,677.43335,40.179434,40.1340828,0.113924131,0.0453512192,0.0839366689,-0.0556186847,0.0257744361,-0.000225373136,-0.000518380024,0.000616253819
13.110000,677.948578,677.848572,40.0813675,40.0406265,0.100005971,0.0407409859,0.0835125893,-0.0556241386,0.0257750023,-0.000225637632,-0.000518381246,0.000616386533
13.120000,678.348901,678.242554,39.983301,39.9409828,0.10634738,0.0423181915,0.0836879909,-0.0556218773,0.0257747676,-0.000225527954,-0.000518380722,0.000616331527
13.130000,678.748244,678.635315,39.8852345,39.8408012,0.112928827,0.0444332695,0.0838703886,-0.0556195229,0.0257745236,-0.000225413634,-0.000518380199,0.000616274192
13.140000,679.146606,679.02948,39.787168,39.7398872,0.117125801,0.0472807693,0.0839823484,-0.0556180738,0.0257743746,-0.000225343319,-0.000518379849,0.000616238918
13.150000,679.543987,679.423584,39.6891015,39.6397896,0.120403144,0.049311924,0.0840660259,-0.0556116439,0.0260544214,-0.000169640727,-0.000476581743,0.000617133279
13.160000,679.940388,679.818909,39.591035,39.5398407,0.12147912,0.0511943054,0.0840848535,-0.0556113981,0.0260543954,-0.000169628853,-0.000476581685,0.000617127342
13.170000,680.335808,680.208374,39.4929685,39.4406662,0.127433805,0.0523023033,0.0842452273,-0.0556093119,0.0260541812,-0.000169527499,-0.000476581161,0.000617076526
13.180000,680.730247,680.601746,39.394902,39.3424568,0.128501576,0.0524451828,0.0842611715,-0.0556091033,0.0260541607,-0.0001695174,-0.000476581103,0.000617071462
13.190000,681.123706,680.992981,39.2968355,39.2419205,0.130724912,0.0549150276,0.0843117684,-0.0556084439,0.0260540936,-0.000169485284,-0.000476580928,0.000617055339
13.200000,681.516184,681.382935,39.198769,39.1438217,0.133249321,0.0549472809,0.0842660218,-0.0538647138,0.0291114766,-0.000198799491,-0.000456959504,0.000607526687
13.210000,681.907681,681.769836,39.1007025,39.0445366,0.137844823,0.056165905,0.0843831152,-0.0538632274,0.029111322,-0.000198725655,-0.000456959096,0.000607489666
13.220000,682.298198,682.159668,39.002636,38.9458122,0.138529972,0.0568237686,0.0843875408,-0.0538631715,0.0291113164,-0.000198722861,-0.000456959067,0.000607488269
13.230000,682.687734,682.548218,38.9045695,38.8480263,0.139516195,0.0565432167,0.0844002515,-0.0538630076,0.0291112997,-0.000198714828,-0.000456959009,0.000607484253
13.240000,683.076289,682.947388,38.806503,38.753891,0.128901636,0.0526119995,0.0840747282,-0.053867165,0.0291117318,-0.00019892081,-0.000456960173,0.000607587572
13.250000,683.463864,683.326721,38.7084365,38.6522636,0.137142837,0.0561728477,0.0842979476,-0.0538658723,0.0290583819,-0.000209202539,-0.000465264748,0.000607386057
13.260000,683.850458,683.719238,38.61037,38.5556641,0.13121978,0.054705925,0.0841088593,-0.0538682938,0.0290586315,-0.000209322388,-0.000465265475,0.000607446185
13.270000,684.236071,684.115479,38.5123035,38.4616127,0.120592913,0.0506907845,0.0837836042,-0.0538724661,0.0290590618,-0.000209528735,-0.000465266727,0.000607549679
13.280000,684.620704,684.504883,38.414237,38.3635368,0.115821318,0.0507001495,0.0836309865,-0.0538744293,0.0290592648,-0.000209625665,-0.000465267338,0.000607598282
13.290000,685.004356,684.893494,38.3161705,38.2684708,0.110862516,0.0476997185,0.0834718719,-0.0538764782,0.0290594753,-0.000209726844,-0.000465267978,0.000607649039
13.300000,685.387028,685.261536,38.218104,38.1652679,0.125491896,0.0528360367,0.0840625837,-0.054742489,0.0302714333,-0.000223440293,-0.000487667596,0.000611333817
13.310000,685.768718,685.652954,38.1200375,38.0686989,0.115764146,0.0513385963,0.0837658495,-0.0547462068,0.0302718226,-0.000223627838,-0.00048766876,0.00061142788
13.320000,686.149428,686.040222,38.021971,37.9715538,0.109206122,0.0504171753,0.0835611597,-0.0547487736,0.0302720908,-0.00022375735,-0.000487669575,0.00061149284
13.330000,686.529158,686.419739,37.9239045,37.8755035,0.109418898,0.0484009361,0.0835532248,-0.0547488742,0.030272102,-0.00022376237,-0.000487669604,0.000611495343
13.340000,686.907906,686.803284,37.825838,37.7793694,0.104622688,0.0464686203,0.0834025592,-0.0547507703,0.0302722994,-0.000223857904,-0.000487670244,0.000611543248
13.350000,687.285674,687.176453,37.7277715,37.681572,0.10922179,0.0461995125,0.0835229829,-0.0547413118,0.0303491596,-0.00026756103,-0.000475948269,0.000610061456
13.360000,687.662462,687.552429,37.629705,37.585392,0.11003261,0.044312973,0.0835339129,-0.054741174,0.0303491447,-0.000267554075,-0.000475948211,0.000610057963
13.370000,688.038269,687.92572,37.5316385,37.4868355,0.112548311,0.04480299,0.0835944638,-0.0547404066,0.0303490646,-0.000267515541,-0.000475947949,0.000610038638
13.380000,688.413095,688.301147,37.433572,37.3895378,0.111947117,0.0440341568,0.0835643113,-0.0547407903,0.0303491037,-0.00026753475,-0.000475948094,0.000610048242
13.390000,688.78694,688.674866,37.3355055,37.2918663,0.112074243,0.043639164,0.0835552588,-0.0547409058,0.0303491149,-0.000267540512,-0.000475948123,0.000610051153
13.400000,689.159805,689.04248,37.237439,37.1930313,0.117324219,0.0444076538,0.0837433264,-0.0540942214,0.0302770268,-0.000246356212,-0.000525192183,0.000608175236
13.410000,689.531689,689.403564,37.1393725,37.0906868,0.128124292,0.0486856651,0.0840388536,-0.0540905707,0.0302766431,-0.000246168842,-0.000525190844,0.000608081289
13.420000,689.902592,689.786865,37.041306,36.9955101,0.115726902,0.0457958603,0.0836721733,-0.0540951081,0.0302771199,-0.000246401556,-0.000525192532,0.000608197937
13.430000,690.272515,690.150208,36.9432395,36.8962097,0.122307344,0.0470297432,0.0838462636,-0.0540929511,0.0302768946,-0.000246290962,-0.000525191717,0.000608142465
13.440000,690.641457,690.521667,36.845173,36.7982063,0.119789445,0.046966629,0.0837614387,-0.0540940054,0.0302770045,-0.000246344891,-0.000525192125,0.000608169532
13.450000,691.009418,690.90625,36.7471065,36.7049522,0.103168323,0.0421542168,0.0832743272,-0.0540971532,0.030260738,-0.000281359156,-0.000528633187,0.000607352122
13.460000,691.376399,691.278198,36.64904,36.6078262,0.0982008129,0.0412137222,0.0831216797,-0.0540990531,0.0302609354,-0.000281456363,-0.000528633944,0.000607400842
13.470000,691.742399,691.638184,36.5509735,36.5090408,0.104215528,0.041932621,0.0832818002,-0.0540970564,0.0302607268,-0.000281354296,-0.000528633129,0.000607349677
13.480000,692.107419,691.997437,36.452907,36.4101562,0.109982001,0.0427507019,0.0834342241,-0.0540951528,0.0302605294,-0.000281257031,-0.000528632372,0.000607300899
13.490000,692.471457,692.356018,36.3548405,36.3100128,0.115439195,0.0448276329,0.0835767239,-0.0540933721,0.030260345,-0.000281165994,-0.000528631615,0.000607255264
13.500000,692.834515,692.704102,36.2567739,36.2061806,0.130413771,0.0505933762,0.0840815306,-0.0524791516,0.0267227385,-0.000251780526,-0.000522187271,0.000598679297
13.510000,693.196593,693.066833,36.1587074,36.1074066,0.129759244,0.0513008308,0.0840485469,-0.052479554,0.0267227814,-0.000251801481,-0.000522187445,0.000598689774
13.520000,693.557689,693.424133,36.0606409,36.0081787,0.133556181,0.0524622345,0.0841422826,-0.0524784103,0.0267226603,-0.000251741876,-0.00052218698,0.000598659914
13.530000,693.917806,693.787781,35.9625744,35.9123535,0.130024797,0.0502209282,0.0840291902,-0.0524797924,0.0267228056,-0.000251813879,-0.000522187562,0.000598696002
13.540000,694.276941,694.15033,35.8645079,35.8156967,0.126611381,0.0488112259,0.0839195848,-0.0524811335,0.0267229471,-0.000251883728,-0.000522188144,0.000598731043
13.550000,694.635096,694.512146,35.7664414,35.7205353,0.122949722,0.0459061623,0.0838028789,-0.0524738468,0.0268864967,-0.000244111652,-0.000492931926,0.000598353683
13.560000,694.99227,694.871765,35.6683749,35.6230545,0.120504663,0.0453204346,0.0837198794,-0.0524748638,0.0268866029,-0.000244164665,-0.000492932391,0.000598380226
13.570000,695.348463,695.217407,35.5703084,35.5214806,0.13105599,0.048827877,0.0840026513,-0.0524713919,0.0268862396,-0.000243983988,-0.000492930762,0.000598289655
13.580000,695.703676,695.569702,35.4722419,35.42202,0.13397382,0.0502219772,0.0840703994,-0.0524705574,0.0268861521,-0.000243940667,-0.000492930354,0.000598267943
13.590000,696.057908,695.927734,35.3741754,35.3264313,0.13017368,0.0477441597,0.0839511827,-0.0524720252,0.0268863048,-0.000244016963,-0.000492931053,0.000598306186
13.600000,696.411159,696.275513,35.2761089,35.2279396,0.135646782,0.0481693268,0.0840654001,-0.0481588729,0.0288619716,-0.000245603092,-0.000505975506,0.000573296042
13.610000,696.76343,696.625854,35.1780424,35.1298256,0.137575742,0.0482168388,0.0841062516,-0.0481583811,0.0288619194,-0.000245577103,-0.000505975273,0.000573283003
13.620000,697.11472,696.977112,35.0799759,35.0316849,0.137608509,0.0482910538,0.0840945318,-0.0481585227,0.0288619343,-0.000245584553,-0.000505975331,0.000573286728
13.630000,697.46503,697.334656,34.9819094,34.9369469,0.130373991,0.0449625587,0.0838810876,-0.0481610894,0.0288622044,-0.000245720526,-0.000505976612,0.00057335489
13.640000,697.814359,697.676575,34.8838429,34.8365517,0.137783807,0.0472912598,0.0840745047,-0.0481587611,0.0288619585,-0.000245597272,-0.000505975448,0.000573293131
13.650000,698.162707,698.019287,34.7857764,34.7387466,0.143419502,0.0470297813,0.0842182636,-0.0481656939,0.0287388898,-0.000237855304,-0.000528889184,0.000574047212
13.660000,698.510074,698.366211,34.6877099,34.6396942,0.143863105,0.0480157089,0.0842182636,-0.0481656939,0.0287388898,-0.000237855304,-0.000528889184,0.000574047212
13.670000,698.856461,698.695557,34.5896434,34.5375938,0.160904169,0.0520495796,0.0846783891,-0.0481601357,0.0287383068,-0.000237561835,-0.000528886158,0.000573900121
13.680000,699.201867,699.044922,34.4915769,34.4416962,0.156945036,0.0498807526,0.0845546275,-0.0481616333,0.0287384633,-0.000237640765,-0.000528886972,0.000573939702
13.690000,699.546292,699.377869,34.3935104,34.3424492,0.168423696,0.0510612297,0.0848600194,-0.0481579378,0.0287380777,-0.000237445987,-0.000528884935,0.000573842088
13.700000,699.889737,699.732971,34.2954439,34.2475166,0.156765928,0.0479272842,0.0844649747,-0.0469096974,0.0298510864,-0.000333411183,-0.000545189425,0.000564688584
13.710000,700.232201,700.079163,34.1973774,34.1500664,0.153038629,0.047311039,0.0843487382,-0.0469110683,0.0298512317,-0.000333484932,-0.000545190182,0.000564725546
13.720000,700.573685,700.417847,34.0993109,34.0512009,0.155837988,0.0481100464,0.0844130665,-0.0469103083,0.0298511516,-0.000333444099,-0.000545189774,0.000564705115
13.730000,700.914187,700.758545,34.0012444,33.9529953,0.155642523,0.0482491112,0.0843948796,-0.0469105244,0.029851174,-0.000333455653,-0.000545189891,0.000564710877
13.740000,701.25371,701.094849,33.9031779,33.8536263,0.158860923,0.0495516586,0.084470965,-0.0469096228,0.029851079,-0.000333407341,-0.000545189367,0.000564686663
13.750000,701.592251,701.438721,33.8051114,33.7562218,0.1535303,0.048889637,0.0843127593,-0.046902895,0.0299806129,-0.000318666338,-0.000519352965,0.000564415939
13.760000,701.929812,701.783569,33.7070449,33.6605339,0.146242448,0.0465110016,0.0840998739,-0.0469054207,0.0299808793,-0.000318801554,-0.000519354478,0.000564483693
13.770000,702.266392,702.110779,33.6089784,33.5604362,0.155613092,0.0485421562,0.084345296,-0.0469025038,0.0299805719,-0.000318645645,-0.000519352674,0.000564405578
13.780000,702.601991,702.449036,33.5109119,33.4627495,0.152955708,0.0481624222,0.0842605159,-0.0469035134,0.0299806781,-0.000318699516,-0.000519353314,0.000564432587
13.790000,702.93661,702.782959,33.4128454,33.3651085,0.153651155,0.0477369118,0.0842667446,-0.0469034389,0.0299806707,-0.000318695558,-0.000519353256,0.000564430607
13.800000,703.270248,703.110107,33.3147789,33.2636681,0.160140839,0.0511108398,0.0845338181,-0.0469516255,0.0322220363,-0.000323396991,-0.000511095684,0.000563911628
13.810000,703.602906,703.433838,33.2167124,33.162117,0.169067826,0.0545953941,0.0847640485,-0.0469489507,0.0322217532,-0.000323251414,-0.000511093996,0.000563838694
13.820000,703.934583,703.767517,33.1186459,33.0643997,0.167065419,0.0542461777,0.0846949816,-0.0469497554,0.0322218388,-0.000323295069,-0.00051109452,0.00056386058
13.830000,704.265279,704.086975,33.0205794,32.9637451,0.178303537,0.0568342781,0.0849860609,-0.0469463691,0.0322214812,-0.000323111133,-0.000511092308,0.000563768437
13.840000,704.594994,704.418945,32.9225129,32.8662109,0.176048784,0.0563019562,0.0849099532,-0.0469472557,0.0322215743,-0.000323159213,-0.000511092891,0.000563792535
13.850000,704.923729,704.763123,32.8244464,32.7721901,0.160606334,0.0522562981,0.0844750553,-0.0469534174,0.0322294608,-0.000301884691,-0.000509143516,0.000564522576
13.860000,705.251483,705.085022,32.7263799,32.6728859,0.166461052,0.0534939957,0.0846190974,-0.0469517373,0.032229282,-0.000301793683,-0.000509142352,0.000564476999
13.870000,705.578256,705.407837,32.6283134,32.5743103,0.170419577,0.0540030861,0.0847126544,-0.0469506457,0.0322291665,-0.000301734573,-0.000509141595,0.000564447371
13.880000,705.904049,705.734375,32.5302469,32.4780006,0.169674292,0.0522462463,0.0846772939,-0.0469510593,0.0322292112,-0.000301756925,-0.000509141886,0.000564458547
13.890000,706.228861,706.064148,32.4321804,32.3811417,0.164713479,0.051038723,0.0845277682,-0.0469528064,0.0322293937,-0.000301851454,-0.000509143109,0.000564505928
13.900000,706.552693,706.384216,32.3341139,32.280426,0.168476591,0.0536878586,0.0849375799,-0.0478666089,0.0339530855,-0.000345344946,-0.000528676319,0.000570354576
13.910000,706.875544,706.710876,32.2360474,32.1824913,0.164667241,0.0535560799,0.0848208517,-0.0478679426,0.0339532271,-0.000345418375,-0.00052867725,0.000570391363
13.920000,707.197414,707.028564,32.1379809,32.0804634,0.168849394,0.0575174713,0.0849191025,-0.0478668213,0.0339531079,-0.000345356559,-0.000528676435,0.000570360397
13.930000,707.518303,707.363647,32.0399144,31.9868603,0.154655863,0.0530541039,0.0845218003,-0.0478713661,0.0339535922,-0.000345606619,-0.000528679695,0.000570485659
13.940000,707.838212,707.687683,31.9418479,31.8888359,0.150529029,0.0530119705,0.0843972713,-0.0478727929,0.0339537449,-0.000345685025,-0.000528680743,0.00057052495
13.950000,708.15714,707.996582,31.8437814,31.7868538,0.16055825,0.0569275856,0.0846533701,-0.0478645936,0.033991579,-0.000368744397,-0.000520762347,0.000569449272
13.960000,708.475088,708.322083,31.7457149,31.6903381,0.153005243,0.0553767395,0.0844345167,-0.0478671044,0.0339918435,-0.000368882465,-0.00052076421,0.000569518423
13.970000,708.792055,708.622131,31.6476484,31.5880318,0.169923231,0.0596166039,0.0848730877,-0.0478620678,0.0339913107,-0.00036860563,-0.000520760485,0.000569379714
13.980000,709.108041,708.947205,31.5495819,31.4925919,0.16083614,0.0569900131,0.0846126974,-0.0478650592,0.0339916274,-0.000368770096,-0.000520762696,0.000569462078
13.990000,709.423046,709.264648,31.4515154,31.3956013,0.158397779,0.0559140968,0.0845326707,-0.0478659794,0.0339917243,-0.000368820678,-0.000520763395,0.000569487398
14.000000,709.737071,709.596252,31.3534489,31.3031464,0.140818596,0.0503025055,0.0840103403,-0.0479993969,0.0341866724,-0.000326056528,-0.000511044927,0.000571651384
14.010000,710.050115,709.906189,31.2553824,31.2047234,0.143926229,0.050659008,0.0840809047,-0.0479986034,0.0341865867,-0.000326012174,-0.000511044345,0.000571629149
14.020000,710.362179,710.212158,31.1573159,31.1040668,0.150020481,0.0532490158,0.0842310637,-0.0479969159,0.0341864079,-0.000325917732,-0.000511043065,0.000571581826
14.030000,710.673262,710.520569,31.0592494,31.0036831,0.152692663,0.0555662727,0.084287107,-0.0479962863,0.0341863409,-0.000325882458,-0.000511042599,0.000571564189
14.040000,710.983364,710.820435,30.9611829,30.9029999,0.162929102,0.0581829834,0.084544532,-0.047993388,0.0341860317,-0.000325720495,-0.000511040329,0.000571483048
14.050000,711.292485,711.119202,30.8631164,30.8027401,0.173283508,0.0603762627,0.084802784,-0.0479975529,0.0340861604,-0.000354397052,-0.000534794061,0.000571310753
14.060000,711.600626,711.439453,30.7650499,30.7078266,0.161172874,0.0572232437,0.0844658315,-0.0480013527,0.0340865627,-0.000354608899,-0.000534797087,0.000571416866
14.070000,711.907786,711.73999,30.6669834,30.60676,0.167795931,0.0602233315,0.0846258998,-0.0479995459,0.0340863727,-0.000354508345,-0.000534795632,0.000571366516
14.080000,712.213966,712.049316,30.5689169,30.5097618,0.16464926,0.0591550446,0.08452788,-0.0480006523,0.0340864882,-0.000354569871,-0.000534796505,0.000571397308
14.090000,712.519165,712.35437,30.4708504,30.4109364,0.164794385,0.0599139977,0.0845168456,-0.0480007753,0.0340865031,-0.000354576798,-0.000534796622,0.0005714008
14.100000,712.823383,712.661926,30.3727839,30.3138847,0.161456404,0.0588991165,0.0843627155,-0.0492159165,0.0340639912,-0.000381033286,-0.000530616497,0.000577110506
14.110000,713.12662,712.959045,30.2747174,30.216589,0.167574769,0.058128376,0.0845097005,-0.049214296,0.0340638161,-0.000380941521,-0.000530615158,0.000577064522
14.120000,713.428877,713.257141,30.1766508,30.1159859,0.171735907,0.060664978,0.0846037939,-0.0492132567,0.0340637043,-0.000380882819,-0.000530614285,0.000577035127
14.130000,713.730153,713.567078,30.0785843,30.0195885,0.16307556,0.0589958763,0.0843591988,-0.0492159575,0.0340639949,-0.000381035265,-0.000530616555,0.000577111496
14.140000,714.030449,713.86676,29.9805178,29.9197407,0.163688453,0.0607771683,0.0843588114,-0.0492159612,0.0340639949,-0.000381035497,-0.000530616555,0.000577111612
14.150000,714.329764,714.175476,29.8824513,29.8242626,0.154287479,0.0581887245,0.0840955526,-0.049222514,0.034041144,-0.000359025638,-0.000535821135,0.000578061386
14.160000,714.628098,714.475281,29.7843848,29.7262154,0.152816972,0.0581694794,0.0840410218,-0.0492231175,0.0340412073,-0.000359059486,-0.000535821659,0.000578078325
14.170000,714.925451,714.765198,29.6863183,29.6248779,0.160253496,0.0614404106,0.0842204988,-0.049221132,0.0340409949,-0.000358948251,-0.000535819971,0.00057802262
14.180000,715.221824,715.051086,29.5882518,29.522953,0.170737675,0.0652988052,0.0844794884,-0.0492182672,0.0340406895,-0.000358788006,-0.000535817526,0.000577942352
14.190000,715.517216,715.348022,29.4901853,29.4257164,0.169193826,0.0644689369,0.0844225213,-0.0492188968,0.0340407565,-0.000358823192,-0.00053581805,0.000577959989
14.200000,715.811628,715.640381,29.3921188,29.3278313,0.171246948,0.0642875671,0.0844876245,-0.0495431349,0.0328581892,-0.000267703785,-0.000519778754,0.00058146962
14.210000,716.105059,715.930115,29.2940523,29.2285423,0.174943917,0.065510006,0.0845674723,-0.0495422706,0.0328580961,-0.000267654628,-0.000519777997,0.000581444998
14.220000,716.397509,716.219482,29.1959858,29.1298599,0.178026432,0.0661259079,0.0846309513,-0.0495415851,0.0328580216,-0.000267615629,-0.000519777415,0.00058142544
14.230000,716.688978,716.515137,29.0979193,29.0318909,0.173841661,0.0660284615,0.0845052078,-0.0495429449,0.0328581668,-0.000267692812,-0.000519778638,0.00058146409
14.240000,716.979467,716.818665,28.9998528,28.9366074,0.16080269,0.0632454681,0.0841491297,-0.0495467968,0.0328585804,-0.000267911208,-0.000519782072,0.000581573462
14.250000,717.268975,717.111206,28.9017863,28.8388939,0.157769382,0.062892437,0.0840537474,-0.0495421216,0.0329095125,-0.000291561504,-0.000507089659,0.000580507272
14.260000,717.557503,717.409424,28.8037198,28.7443447,0.148079139,0.0593751144,0.0837862492,-0.0495450199,0.0329098254,-0.000291725388,-0.000507092278,0.000580589345
14.270000,717.84505,717.706604,28.7056533,28.6479225,0.138445829,0.0577308083,0.0835206881,-0.0495478995,0.0329101346,-0.00029188802,-0.000507094839,0.000580670778
14.280000,718.131616,718.001831,28.6075868,28.5529881,0.129784979,0.0545987701,0.0832821503,-0.0495504849,0.0329104103,-0.000292034005,-0.000507097167,0.000580743887
14.290000,718.417202,718.28949,28.5095203,28.4518528,0.127711824,0.0576675224,0.0832143798,-0.0495512187,0.0329104885,-0.000292075449,-0.000507097808,0.000580764667
14.300000,718.701806,718.596863,28.4114538,28.3624477,0.104943647,0.0490060806,0.0823460743,-0.0503903702,0.032038603,-0.000340643775,-0.000514390762,0.000584912894
14.310000,718.985431,718.88623,28.3133873,28.2656879,0.0992001773,0.0476993752,0.0821863264,-0.0503920652,0.0320387855,-0.000340741099,-0.000514392334,0.000584961614
14.320000,719.268074,719.179016,28.2153208,28.1710529,0.0890580734,0.0442678833,0.0819131583,-0.0503949635,0.0320390984,-0.000340907398,-0.000514395011,0.000585044851
14.330000,719.549737,719.461243,28.1172543,28.0723286,0.0884943866,0.0449257469,0.0818876028,-0.0503952354,0.0320391282,-0.000340922939,-0.000514395244,0.00058505265
14.340000,719.830419,719.74231,28.0191878,27.9738579,0.0881097027,0.0453299332,0.0818663016,-0.0503954627,0.0320391543,-0.000340935891,-0.000514395477,0.000585059111
14.350000,720.110121,720.018921,27.9211213,27.8744087,0.0911999202,0.0467125893,0.0819331184,-0.0503983945,0.032006368,-0.000333783799,-0.000523266906,0.000585557485
14.360000,720.388842,720.307251,27.8230548,27.7778225,0.0815907227,0.0452323151,0.0816739947,-0.0504011475,0.0320066661,-0.000333940989,-0.000523269526,0.000585636182
14.370000,720.666582,720.599609,27.7249883,27.6834354,0.0669725398,0.0415528679,0.0812874883,-0.0504052565,0.0320071094,-0.000334175158,-0.000523273426,0.000585753412
14.380000,720.943341,720.882446,27.6269218,27.5864563,0.0608951763,0.0404655075,0.0811207816,-0.0504070297,0.0320072994,-0.000334276003,-0.000523275114,0.000585803937
14.390000,721.21912,721.155029,27.5288553,27.4873219,0.0640910541,0.0415334511,0.0811922401,-0.0504062697,0.0320072174,-0.000334232842,-0.000523274357,0.000585782342
14.400000,721.493919,721.424805,27.4307888,27.3875084,0.069113884,0.0432804108,0.0814047977,-0.050391715,0.0292353816,-0.000305780093,-0.000520946982,0.000586995156
14.410000,721.767736,721.706543,27.3327223,27.2911072,0.0611931582,0.0416151237,0.0811915249,-0.0503939353,0.0292356238,-0.00030590847,-0.000520949136,0.000587059418
14.420000,722.040573,721.968994,27.2346558,27.1911774,0.0715788769,0.0434784317,0.0814447626,-0.0503913015,0.0292353369,-0.000305756199,-0.000520946516,0.000586983166
14.430000,722.312429,722.240906,27.1365893,27.0938053,0.0715234813,0.0427839851,0.0814320967,-0.0503914319,0.0292353518,-0.000305763824,-0.000520946633,0.000586986949
14.440000,722.583305,722.523193,27.0385228,26.9987049,0.0601114441,0.0398178864,0.0811309442,-0.0503945686,0.0292356927,-0.000305944617,-0.000520949776,0.000587077462
14.450000,722.8532,722.793457,26.9404563,26.899353,0.0597426677,0.0411032677,0.081111297,-0.050389111,0.0292819496,-0.000320965599,-0.000507741235,0.000586152251
14.460000,723.122114,723.070496,26.8423898,26.8035698,0.0516183239,0.0388199997,0.0808948651,-0.0503913648,0.0292821955,-0.000321095373,-0.000507743505,0.000586217211
14.470000,723.390047,723.333008,26.7443233,26.704689,0.0570396823,0.0396342659,0.0810219795,-0.0503900386,0.0292820521,-0.000321019208,-0.000507742167,0.000586179085
14.480000,723.657,723.584351,26.6462568,26.6026096,0.0726498093,0.0436471558,0.0814080387,-0.0503860116,0.0292816162,-0.000320788095,-0.000507738092,0.000586063368
14.490000,723.922973,723.845703,26.5481903,26.5019741,0.0772695056,0.0462161827,0.0815153047,-0.050384894,0.0292814951,-0.000320723921,-0.000507736986,0.000586031238
14.500000,724.187964,724.0979,26.4501238,26.3990002,0.0900638103,0.0511236191,0.0820025802,-0.0484353267,0.0306767821,-0.000293614983,-0.000515034073,0.000572447607
14.510000,724.451975,724.367249,26.3520573,26.3015862,0.0847265712,0.0504711342,0.081854552,-0.0484368391,0.0306769479,-0.000293703139,-0.000515035645,0.000572491728
14.520000,724.715005,724.631958,26.2539908,26.2038784,0.0830473389,0.050112381,0.0817992538,-0.0484374054,0.0306770094,-0.000293736055,-0.000515036227,0.000572508201
14.530000,724.977055,724.905273,26.1559243,26.1098671,0.0717814845,0.0460571861,0.0815034285,-0.0484404266,0.0306773409,-0.000293912017,-0.000515039312,0.000572596269
14.540000,725.238124,725.16687,26.0578578,26.0123863,0.0712537151,0.0454714584,0.0814789906,-0.0484406762,0.0306773689,-0.00029392654,-0.000515039545,0.000572603545
14.550000,725.498212,725.42157,25.9597913,25.9126034,0.0766422534,0.0471879005,0.0816029683,-0.0484437943,0.0306489673,-0.000264267204,-0.00052309176,0.000573772821
14.560000,725.75732,725.678406,25.8617248,25.8137913,0.0789138962,0.0479335022,0.0816482529,-0.0484433323,0.030648917,-0.000264240341,-0.000523091294,0.000573759375
14.570000,726.015447,725.940918,25.7636583,25.7158833,0.0745286044,0.0477750206,0.0815253854,-0.0484445877,0.0306490548,-0.000264313188,-0.000523092574,0.000573795871
14.580000,726.272593,726.211975,25.6655918,25.6202145,0.0606177258,0.0453773117,0.0811636224,-0.048448287,0.030649459,-0.000264527567,-0.000523096416,0.000573903206
14.590000,726.528758,726.464905,25.5675253,25.521019,0.0638536235,0.0465062904,0.0812337548,-0.048447568,0.0306493808,-0.000264486036,-0.000523095659,0.000573882426
14.600000,726.783943,726.71344,25.4694588,25.4203606,0.0705033875,0.0490982056,0.0814235881,-0.0480205789,0.0305487365,-0.000275879749,-0.000532685895,0.000569830183
14.610000,727.038148,726.967224,25.3713923,25.32131,0.070923463,0.0500822258,0.0814225152,-0.0480205901,0.0305487383,-0.000275880389,-0.000532685895,0.000569830474
14.620000,727.291371,727.208069,25.2733258,25.2201862,0.0833023266,0.053139534,0.0817190558,-0.048017621,0.0305484105,-0.000275705796,-0.000532682752,0.000569743046
14.630000,727.543614,727.463074,25.1752593,25.124958,0.0805403689,0.0503012276,0.0816377029,-0.0480184369,0.0305484999,-0.000275753642,-0.000532683625,0.000569766969
14.640000,727.794876,727.722046,25.0771928,25.0267353,0.0728304611,0.0504574585,0.0814329535,-0.0480204895,0.0305487271,-0.000275873841,-0.000532685779,0.000569827156
14.650000,728.045158,727.987488,24.9791263,24.9331646,0.0576701617,0.0459616661,0.0810427517,-0.0480233617,0.0305409804,-0.000305188209,-0.000536241685,0.000569048687
14.660000,728.294459,728.233337,24.8810598,24.8348827,0.0611214825,0.0461770248,0.0811171681,-0.0480226167,0.0305408984,-0.000305144669,-0.000536240928,0.000569026917
14.670000,728.542779,728.479065,24.7829933,24.7375412,0.0637142085,0.0454520607,0.0811709166,-0.0480220765,0.0305408388,-0.000305113266,-0.000536240346,0.000569011201
14.680000,728.790119,728.720337,24.6849268,24.6368732,0.0697818359,0.0480535126,0.0813097805,-0.048020687,0.0305406861,-0.000305032299,-0.000536238891,0.000568970689
14.690000,729.036478,728.957031,24.5868603,24.5366726,0.0794464351,0.050187664,0.0815384835,-0.0480183959,0.0305404346,-0.000304899237,-0.000536236446,0.000568904099
14.700000,729.281856,729.199646,24.4887938,24.4393444,0.082209959,0.0494493484,0.0815339312,-0.04667335,0.0305458587,-0.000271536235,-0.000528046454,0.000561000081
14.710000,729.526254,729.431335,24.3907273,24.3376408,0.0949181109,0.0530864906,0.0818346143,-0.0466703996,0.030545529,-0.000271361845,-0.000528043311,0.000560912769
14.720000,729.769671,729.667969,24.2926608,24.2376938,0.10170175,0.0549669647,0.0819884539,-0.0466688909,0.0305453613,-0.000271272787,-0.000528041681,0.000560868182
14.730000,730.012107,729.914124,24.1945942,24.1427784,0.09798324,0.0518158531,0.0818831399,-0.0466699228,0.0305454768,-0.000271333614,-0.000528042787,0.000560898625
14.740000,730.253562,730.149048,24.0965277,24.0430279,0.104514534,0.0534998703,0.0820320398,-0.0466684625,0.0305453148,-0.000271247845,-0.000528041215,0.000560855668
14.750000,730.494037,730.385193,23.9984612,23.9437752,0.108844459,0.0546860695,0.0821260735,-0.0466648266,0.0305759218,-0.00025550212,-0.000516603759,0.000560978835
14.760000,730.733532,730.621521,23.9003947,23.8470173,0.112010614,0.0533774567,0.0821911097,-0.0466641895,0.030575851,-0.000255464838,-0.000516603061,0.00056096015
14.770000,730.972045,730.864197,23.8023282,23.7497921,0.107848448,0.0525361443,0.0820761099,-0.0466653183,0.0305759758,-0.000255530642,-0.000516604283,0.000560993096
14.780000,731.209578,731.095703,23.7042617,23.6497555,0.11387505,0.0545062637,0.0822110549,-0.0466639958,0.0305758286,-0.000255453517,-0.000516602828,0.000560954504
14.790000,731.44613,731.337952,23.6061952,23.5519047,0.1081788,0.0542905617,0.0820587277,-0.0466654897,0.0305759944,-0.00025554045,-0.000516604458,0.000560998044
14.800000,731.681702,731.598389,23.5081287,23.4659729,0.0833134079,0.042155838,0.0810061246,-0.0477014668,0.0302202888,-0.000275581639,-0.000508521567,0.000567537616
14.810000,731.916293,731.827515,23.4100622,23.3658981,0.0887783862,0.0441641045,0.0811291784,-0.0477002859,0.0302201565,-0.000275511702,-0.000508520287,0.000567502633
14.820000,732.149903,732.062073,23.3119957,23.2673855,0.0878305706,0.0446102524,0.081094794,-0.0477006175,0.0302201938,-0.000275531231,-0.000508520636,0.000567512412
14.830000,732.382533,732.287231,23.2139292,23.1693687,0.095301504,0.0445604897,0.0812651142,-0.0476989821,0.0302200094,-0.000275434519,-0.000508518831,0.000567463983
14.840000,732.614182,732.52533,23.1158627,23.0731163,0.0888523193,0.0427464294,0.0810967162,-0.0477005988,0.0302201901,-0.000275530096,-0.000508520636,0.00056751183
14.850000,732.84485,732.757324,23.0177962,22.9772854,0.0875259852,0.0405108452,0.0810529813,-0.0477035679,0.0301951114,-0.000289822317,-0.000518591725,0.000567401818
14.860000,733.074538,732.995667,22.9197297,22.8804874,0.0788713299,0.0392422867,0.0808336884,-0.0477056764,0.030195348,-0.000289946474,-0.000518594112,0.000567463983
14.870000,733.303245,733.233887,22.8216632,22.7857304,0.0693580798,0.0359328651,0.0805935115,-0.0477079861,0.0301956069,-0.000290082302,-0.000518596731,0.00056753197
14.880000,733.530971,733.463623,22.7235967,22.6864338,0.0673480515,0.0371629333,0.0805364102,-0.0477085337,0.0301956683,-0.000290114549,-0.000518597371,0.000567548093
14.890000,733.757717,733.682861,22.6255302,22.5877972,0.0748554049,0.0377330589,0.0807091147,-0.0477068722,0.0301954839,-0.000290017109,-0.000518595451,0.000567499315
14.900000,733.983482,733.909485,22.5274637,22.4876137,0.0739968395,0.0398500443,0.0808773041,-0.0493555143,0.0308264662,-0.000361296668,-0.000517159526,0.000576559163
14.910000,734.208266,734.123413,22.4293972,22.3871956,0.0848529216,0.0422016335,0.08112894,-0.0493531451,0.0308261979,-0.000361155282,-0.00051715679,0.000576488441
14.920000,734.43207,734.352417,22.3313307,22.2903595,0.079652655,0.0409712219,0.0809939876,-0.0493544154,0.0308263414,-0.000361230981,-0.000517158303,0.000576526334
14.930000,734.654893,734.580383,22.2332642,22.1926785,0.0745093211,0.0405857658,0.0808596164,-0.049355682,0.0308264848,-0.000361306214,-0.000517159817,0.000576563994
14.940000,734.876735,734.790771,22.1351977,22.0906601,0.0859634472,0.0445376205,0.0811263472,-0.0493531711,0.0308262017,-0.000361157174,-0.000517156848,0.00057648943
14.950000,735.097597,735.012756,22.0371312,21.992506,0.0848402286,0.0446251869,0.0810884759,-0.0493586436,0.030797217,-0.000335321034,-0.000528238364,0.000577788043
14.960000,735.317478,735.233154,21.9390647,21.8938065,0.084323259,0.045258255,0.0810653269,-0.0493588597,0.0307972413,-0.000335333898,-0.000528238597,0.000577794504
14.970000,735.536378,735.450745,21.8409982,21.7973251,0.0856332416,0.0436730766,0.0810861588,-0.0493586622,0.0307972189,-0.000335322373,-0.000528238364,0.000577788742
14.980000,735.754298,735.670776,21.7429317,21.7007542,0.0835211529,0.0421775436,0.0810243562,-0.0493592434,0.0307972841,-0.000335356541,-0.000528239063,0.000577805855
14.990000,735.971237,735.895264,21.6448652,21.604496,0.0759728328,0.0403692055,0.0808330029,-0.0493610427,0.0307974871,-0.000335462071,-0.000528241275,0.000577858649
15.000000,736.187195,736.109436,21.5467987,21.5052719,0.0777587891,0.0415267944,0.0809041634,-0.0474734046,0.0320461802,-0.000321696221,-0.000542849768,0.000562597532
15.010000,736.402172,736.325562,21.4487322,21.4075527,0.0766109553,0.0411794853,0.0808664411,-0.047473751,0.0320462212,-0.000321716943,-0.000542850175,0.000562607893
15.020000,736.616169,736.540039,21.3506657,21.3095875,0.0761304058,0.0410782242,0.0808440968,-0.0474739559,0.0320462435,-0.000321729196,-0.000542850408,0.000562614005
15.030000,736.829186,736.752136,21.2525992,21.2119617,0.0770495624,0.040637455,0.0808564648,-0.0474738404,0.0320462324,-0.000321722444,-0.000542850292,0.000562610629
15.040000,737.041221,736.965271,21.1545327,21.1143837,0.0759504562,0.0401490021,0.0808207318,-0.0474741682,0.0320462696,-0.000321741943,-0.000542850699,0.000562620407
15.050000,737.252276,737.171265,21.0564662,21.0152493,0.0810117984,0.0412169456,0.0809312984,-0.0474738255,0.0320368782,-0.000337861915,-0.000547539152,0.000562202767
15.060000,737.462351,737.380554,20.9583997,20.9160423,0.0817965771,0.0423573685,0.0809404179,-0.0474737398,0.032036867,-0.000337856967,-0.000547539035,0.000562200265
15.070000,737.671444,737.583679,20.8603332,20.8164177,0.0877652415,0.0439155006,0.0810723901,-0.0474725254,0.0320367292,-0.000337785546,-0.000547537464,0.000562164525
15.080000,737.879557,737.78894,20.7622667,20.7184315,0.0906170105,0.0438352203,0.0811303779,-0.0474719927,0.0320366696,-0.000337754231,-0.000547536765,0.000562148867
15.090000,738.08669,737.996948,20.6642002,20.6187172,0.0897415324,0.0454829979,0.0811002105,-0.0474722683,0.0320366994,-0.000337770471,-0.000547537114,0.000562157016
15.100000,738.292841,738.217041,20.5661337,20.5281372,0.0758004284,0.0379964828,0.0805309266,-0.0475188009,0.0306180809,-0.00030354617,-0.000536897569,0.000563575129
15.110000,738.498012,738.422058,20.4680672,20.4292202,0.0759543429,0.0388469887,0.0805256292,-0.0475188494,0.0306180865,-0.000303549023,-0.000536897627,0.000563576526
15.120000,738.702203,738.623108,20.3700007,20.3312263,0.0790948776,0.0387743378,0.0805909261,-0.0475182608,0.0306180194,-0.000303514069,-0.00053689687,0.000563559064
15.130000,738.905412,738.826965,20.2719342,20.2331486,0.0784471301,0.0387856102,0.0805671215,-0.0475184768,0.0306180436,-0.000303526787,-0.000536897162,0.000563565409
15.140000,739.107641,739.021545,20.1738677,20.1332359,0.0860960613,0.040631752,0.0807386935,-0.0475169308,0.0306178667,-0.00030343546,-0.000536895066,0.000563519716
15.150000,739.30889,739.235107,20.0758012,20.0385513,0.0737823939,0.0372498512,0.0804391205,-0.0475179665,0.0306234192,-0.000322774053,-0.00053510681,0.000562846195
15.160000,739.509157,739.432434,19.9777347,19.9379559,0.0767234131,0.0397788239,0.0804993436,-0.0475174226,0.0306233577,-0.000322742126,-0.000535106054,0.000562830246
15.170000,739.708445,739.63501,19.8796682,19.8408241,0.0734347438,0.0388440514,0.0804132819,-0.0475181974,0.0306234471,-0.000322787644,-0.00053510716,0.000562853005
15.180000,739.906751,739.828857,19.7816017,19.7439632,0.0778934368,0.0376384354,0.0805093795,-0.0475173332,0.0306233484,-0.000322736945,-0.000535105937,0.000562827627
15.190000,740.104077,740.032166,19.6835352,19.6472206,0.0719110156,0.0363145638,0.080359742,-0.047518678,0.030623503,-0.000322815671,-0.000535107858,0.000562867033
15.200000,740.300422,740.25238,19.5854687,19.5588398,0.0480411911,0.0266288757,0.0794609711,-0.0487214588,0.0309234895,-0.000277660845,-0.000521847163,0.000576296705
15.210000,740.495786,740.44751,19.4874022,19.4599972,0.0482761508,0.027404995,0.0794609711,-0.0487214588,0.0309234895,-0.000277660845,-0.000521847163,0.000576296705
15.220000,740.69017,740.644104,19.3893357,19.3632584,0.0460656017,0.0260773087,0.0794024542,-0.0487219729,0.0309235491,-0.000277691404,-0.00052184792,0.000576312013
15.230000,740.883573,740.838806,19.2912692,19.2647305,0.0447664775,0.0265387154,0.079365395,-0.0487223007,0.0309235863,-0.000277710671,-0.000521848386,0.000576321676
15.240000,741.075995,741.02002,19.1932027,19.1623363,0.0559754578,0.0308663177,0.0796209276,-0.0487200506,0.0309233256,-0.000277578423,-0.000521845068,0.000576255494
15.250000,741.267437,741.219482,19.0951362,19.0664978,0.0479542613,0.0286383629,0.0794271976,-0.0487252064,0.0309005529,-0.000288857933,-0.000534273044,0.000576383318
15.260000,741.457898,741.406982,18.9970697,18.9667034,0.0509152905,0.0303662491,0.0794897154,-0.0487246588,0.0309004895,-0.000288825919,-0.000534272229,0.000576367311
15.270000,741.647378,741.598083,18.8990032,18.8680782,0.0492945804,0.0309249306,0.0794457272,-0.0487250462,0.0309005342,-0.000288848329,-0.000534272811,0.000576378487
15.280000,741.835878,741.778015,18.8009367,18.7673874,0.0578626389,0.0335492706,0.0796380416,-0.0487233624,0.0309003387,-0.000288750947,-0.00053427025,0.000576329767
15.290000,742.023397,741.969727,18.7028702,18.672308,0.0536702472,0.030562191,0.0795323104,-0.0487242863,0.0309004467,-0.000288804207,-0.000534271647,0.000576356426
15.300000,742.209935,742.146301,18.6048037,18.5702438,0.0636339092,0.0345598221,0.0799009427,-0.0491887033,0.0309794247,-0.000269318465,-0.000538741064,0.000582575274
15.310000,742.395493,742.329956,18.5067372,18.4737129,0.0655368281,0.0330242348,0.0799379051,-0.0491883866,0.0309793875,-0.000269299897,-0.000538740598,0.000582565961
15.320000,742.58007,742.516052,18.4086707,18.3756523,0.0640176758,0.0330183411,0.0798955858,-0.0491887517,0.0309794303,-0.000269321026,-0.00053874118,0.000582576555
15.330000,742.763666,742.707703,18.3106042,18.2811127,0.0559636592,0.0294914818,0.0797022954,-0.0491904095,0.030979624,-0.000269417069,-0.0005387438,0.000582624576
15.340000,742.946282,742.887512,18.2125377,18.1822853,0.0587697979,0.0302523422,0.0797596797,-0.0491899177,0.0309795663,-0.000269388693,-0.000538743043,0.000582610373
15.350000,743.127917,743.06311,18.1144711,18.0826283,0.0648066974,0.0318428993,0.0798920989,-0.0491931289,0.0309538096,-0.00026810795,-0.000553258695,0.000583137909
15.360000,743.308571,743.246155,18.0164046,17.9851437,0.0624166428,0.0312609863,0.0798303559,-0.0491936579,0.0309538711,-0.000268138188,-0.000553259568,0.000583153043
15.370000,743.488245,743.422363,17.9183381,17.887146,0.0658818606,0.0311921501,0.0799041316,-0.0491930284,0.0309537966,-0.000268102245,-0.00055325852,0.000583135057
15.380000,743.666938,743.605652,17.8202716,17.7903423,0.0612863354,0.0299293137,0.0797917321,-0.0491939895,0.0309539083,-0.000268156757,-0.000553260092,0.000583162298
15.390000,743.844651,743.781921,17.7222051,17.6921959,0.0627291881,0.0300092506,0.0798188969,-0.0491937585,0.0309538804,-0.00026814366,-0.000553259684,0.000583155721
15.400000,744.021382,743.942993,17.6241386,17.5902748,0.0783891296,0.0338638306,0.0803099424,-0.0508340299,0.0318355411,-0.000282267138,-0.000565325376,0.000598686107
15.410000,744.197133,744.12085,17.5260721,17.4942322,0.0762837382,0.031839962,0.0802546367,-0.0508344918,0.031835597,-0.000282293768,-0.000565326132,0.000598699437
15.420000,744.371904,744.286194,17.4280056,17.3942375,0.0857098888,0.0337681198,0.0804632455,-0.0508327447,0.0318353884,-0.000282193883,-0.000565323222,0.000598649494
15.430000,744.545693,744.465149,17.3299391,17.2978954,0.0805445346,0.032043705,0.080337584,-0.0508337952,0.0318355113,-0.000282253779,-0.000565324968,0.000598679471
15.440000,744.718503,744.646851,17.2318726,17.2019176,0.0716519333,0.0299549866,0.0801274553,-0.0508355498,0.0318357199,-0.00028235346,-0.000565327937,0.000598729355
15.450000,744.890331,744.830627,17.1338061,17.1062832,0.0597034717,0.0275229454,0.0798476413,-0.0508408509,0.0318224765,-0.000272844365,-0.000573311641,0.000599463412
15.460000,745.061179,745.003113,17.0357396,17.0083027,0.0580658489,0.0274369431,0.0798041523,-0.0508412123,0.0318225212,-0.000272864796,-0.000573312282,0.000599473657
15.470000,745.231046,745.173706,16.9376731,16.9098091,0.057339651,0.0278640175,0.0797812417,-0.0508414023,0.0318225436,-0.000272875506,-0.000573312631,0.000599479012
15.480000,745.399932,745.341003,16.8396066,16.8106976,0.0589286865,0.0289090729,0.0798124969,-0.0508411415,0.0318225138,-0.000272860954,-0.000573312165,0.000599471736
15.490000,745.567838,745.505005,16.7415401,16.7121391,0.0628329555,0.0294009972,0.0798939839,-0.0508404635,0.0318224318,-0.000272823236,-0.000573311001,0.000599452876
15.500000,745.734763,745.682861,16.6434736,16.6172848,0.0519015789,0.0261888504,0.0796053112,-0.0530320704,0.0322101489,-0.000234880674,-0.000567322131,0.000619135855
15.510000,745.900707,745.838806,16.5454071,16.5168743,0.0619011584,0.0285328102,0.0798267275,-0.0530302599,0.0322099328,-0.000234778476,-0.000567318988,0.000619084749
15.520000,746.065671,746.008301,16.4473406,16.4196606,0.0573702682,0.0276800537,0.0797171965,-0.053031154,0.0322100408,-0.000234828782,-0.00056732056,0.000619109895
15.530000,746.229654,746.167175,16.3492741,16.3197556,0.0624788302,0.0295185661,0.0798267648,-0.0530302599,0.0322099328,-0.000234778694,-0.000567318988,0.000619084865
15.540000,746.392657,746.326355,16.2512076,16.2213688,0.0663015514,0.029838829,0.079906784,-0.053029608,0.0322098546,-0.0002347423,-0.000567317824,0.000619066646
15.550000,746.554678,746.47998,16.1531411,16.120306,0.0746978068,0.0328351021,0.0800907388,-0.0530188307,0.0322577581,-0.000263640279,-0.000535725325,0.000616966339
15.560000,746.715719,746.642395,16.0550746,16.020649,0.0733243347,0.0344256592,0.080051817,-0.0530191474,0.0322577953,-0.000263657799,-0.000535725907,0.00061697507
15.570000,746.87578,746.79895,15.9570081,15.9225111,0.0768295726,0.0344970131,0.0801238194,-0.0530185625,0.0322577246,-0.000263625581,-0.000535724859,0.000616958947
15.580000,747.03486,746.95575,15.8589416,15.8250713,0.0791100048,0.0338702774,0.0801675841,-0.0530182086,0.0322576836,-0.000263606111,-0.000535724219,0.000616949226
15.590000,747.192959,747.118958,15.7608751,15.7293596,0.0740010806,0.0315154839,0.0800453052,-0.0530191995,0.0322578028,-0.000263660128,-0.000535726023,0.000616976235
15.600000,747.350077,747.252197,15.6628086,15.624238,0.0978797531,0.0385705948,0.0807984695,-0.0547896959,0.0323239788,-0.000263714552,-0.000532773498,0.000632025767
15.610000,747.506215,747.417236,15.5647421,15.5274487,0.0889784442,0.0372934532,0.080590941,-0.0547913499,0.03232418,-0.000263806054,-0.000532776467,0.000632071518
15.620000,747.661372,747.56842,15.4666756,15.4277506,0.0929514507,0.0389250183,0.0806721672,-0.0547907054,0.0323241018,-0.000263770518,-0.000532775302,0.000632053765
15.630000,747.815548,747.725281,15.3686091,15.3297606,0.0902675227,0.0388485527,0.0806039274,-0.0547912493,0.0323241688,-0.000263800146,-0.000532776292,0.000632068608
15.640000,747.968744,747.87439,15.2705426,15.2312822,0.0943543945,0.0392603683,0.0806874633,-0.0547905862,0.0323240869,-0.000263764174,-0.00053277507,0.000632050622
15.650000,748.120959,748.025635,15.1724761,15.1349506,0.0953243709,0.0375254631,0.0806989893,-0.0547934137,0.0323099829,-0.000242582057,-0.000542368274,0.000633085903
15.660000,748.272194,748.172058,15.0744096,15.0346899,0.10013546,0.039719696,0.0807983652,-0.0547926277,0.0323098861,-0.000242539987,-0.000542366819,0.00063306489
15.670000,748.422447,748.323425,14.9763431,14.9369316,0.0990220355,0.0394114876,0.0807641149,-0.0547928996,0.0323099196,-0.000242554364,-0.000542367343,0.00063307205
15.680000,748.57172,748.464783,14.8782766,14.8372173,0.106937712,0.0410592651,0.0809313133,-0.0547915809,0.0323097594,-0.000242484821,-0.000542364898,0.0006330373
15.690000,748.720013,748.610657,14.7802101,14.7395287,0.109356122,0.0406814384,0.0809757859,-0.0547912307,0.0323097184,-0.0002424665,-0.000542364258,0.000633028161
15.700000,748.867325,748.75354,14.6821436,14.642271,0.11378459,0.039872551,0.0809922218,-0.0530886985,0.0313777737,-0.000217485547,-0.000561225228,0.000615930359
15.710000,749.013656,748.895813,14.5840771,14.5448675,0.117842744,0.0392095757,0.081073232,-0.0530880727,0.0313776955,-0.000217452194,-0.000561224064,0.000615913654
15.720000,749.159006,749.037659,14.4860106,14.4467602,0.121347479,0.039250412,0.0811427906,-0.0530875362,0.0313776284,-0.000217423833,-0.000561223016,0.000615899451
15.730000,749.303376,749.183289,14.3879441,14.3502913,0.12008737,0.0376528358,0.0811065733,-0.0530878156,0.031377662,-0.000217438443,-0.00056122354,0.000615906785
15.740000,749.446765,749.319702,14.2898776,14.2522449,0.127062904,0.037632637,0.0812521651,-0.0530866943,0.0313775241,-0.000217380308,-0.000561221386,0.00061587774
15.750000,749.589173,749.456665,14.1918111,14.1529255,0.132508457,0.0388855934,0.0813639015,-0.0530872457,0.0313673206,-0.000229308702,-0.00057057559,0.000615641591
15.760000,749.730601,749.593201,14.0937446,14.0526657,0.137400591,0.0410788727,0.0814636648,-0.053086482,0.0313672274,-0.000229269775,-0.000570574135,0.00061562215
15.770000,749.871048,749.719604,13.9956781,13.9519796,0.151443895,0.0436984444,0.0817648768,-0.053084176,0.0313669443,-0.000229153695,-0.000570569653,0.000615564117
15.780000,750.010515,749.856323,13.8976116,13.8508406,0.154191594,0.0467710114,0.0818166509,-0.0530837812,0.0313668959,-0.000229134006,-0.000570568896,0.00061555428
15.790000,750.149001,749.989929,13.7995451,13.7518597,0.15907142,0.0476854134,0.0819140002,-0.0530830398,0.0313668028,-0.000229097495,-0.000570567441,0.000615536002
15.800000,750.286506,750.129578,13.7014786,13.652895,0.156928101,0.0485836029,0.0818604603,-0.054279156,0.0321672559,-0.000220940667,-0.000589986274,0.000627933361
15.810000,750.42303,750.276733,13.6034121,13.5563765,0.146296792,0.0470356178,0.0816163048,-0.0542809851,0.0321674831,-0.000221032402,-0.000589989882,0.000627979229
15.820000,750.558574,750.407471,13.5053456,13.4588337,0.151103276,0.046511879,0.081711486,-0.0542802736,0.0321673937,-0.000220997172,-0.000589988485,0.000627961592
15.830000,750.693137,750.544006,13.4072791,13.3605232,0.149130754,0.0467558479,0.0816584006,-0.0542806685,0.0321674421,-0.00022101654,-0.0005899893,0.000627971254
15.840000,750.82672,750.683044,13.3092126,13.2631607,0.143675127,0.0460518646,0.0815291703,-0.0542816296,0.0321675614,-0.000221063005,-0.000589991221,0.000627994479
15.850000,750.959321,750.817749,13.2111461,13.1651335,0.14157233,0.0460125923,0.0814733282,-0.0542816035,0.0321739689,-0.000204411714,-0.000582740293,0.000628509501
15.860000,751.090942,750.946045,13.1130796,13.066802,0.14489756,0.0462775421,0.0815360472,-0.0542811379,0.0321739092,-0.000204389798,-0.000582739362,0.000628498557
15.870000,751.221583,751.079346,13.0150131,12.9698153,0.142237242,0.0451978111,0.0814679787,-0.0542816408,0.0321739726,-0.000204413256,-0.000582740409,0.000628510257
15.880000,751.351243,751.215942,12.9169466,12.8741207,0.13530036,0.0428258514,0.0813071579,-0.0542828292,0.0321741216,-0.000204468,-0.000582742854,0.000628537615
15.890000,751.479922,751.334839,12.8188801,12.7733536,0.145083009,0.0455264854,0.0815107375,-0.0542813279,0.0321739353,-0.000204399548,-0.000582739711,0.000628503389
15.900000,751.60762,751.466614,12.7208136,12.6770992,0.141006575,0.0437143326,0.081366159,-0.0551182777,0.0340881087,-0.000241678674,-0.000569376396,0.000633140851
15.910000,751.734338,751.593689,12.6227471,12.5788822,0.140649182,0.0438648415,0.0813484192,-0.0551184081,0.0340881236,-0.00024168464,-0.000569376687,0.00063314382
15.920000,751.860075,751.721069,12.5246806,12.4815025,0.139005949,0.0431780243,0.081303291,-0.0551187359,0.0340881646,-0.000241699614,-0.000569377386,0.000633151329
15.930000,751.984832,751.846985,12.4266141,12.3832197,0.137846895,0.0433943367,0.081269443,-0.0551189817,0.0340881944,-0.000241710688,-0.000569377909,0.000633156858
15.940000,752.108608,751.96228,12.3285476,12.2838364,0.146327293,0.0447111893,0.0814445317,-0.0551177189,0.0340880342,-0.000241654168,-0.000569375232,0.000633128628
15.950000,752.231403,752.078613,12.2304811,12.1839027,0.152789428,0.0465783119,0.0815752372,-0.0551213212,0.0340746939,-0.000196628913,-0.000580721302,0.000635235047
15.960000,752.353217,752.200989,12.1324146,12.0861578,0.152228418,0.046256752,0.0815531015,-0.0551214814,0.0340747125,-0.000196635883,-0.000580721651,0.000635238539
15.970000,752.474051,752.328796,12.034348,11.9928188,0.145254614,0.0415292168,0.0813924819,-0.0551226325,0.0340748578,-0.000196685796,-0.000580724154,0.000635263452
15.980000,752.593904,752.453552,11.9362815,11.8962727,0.140351902,0.0400088882,0.0812771693,-0.0551234558,0.0340749621,-0.000196721143,-0.000580725959,0.000635281089
15.990000,752.712777,752.573059,11.838215,11.7981615,0.139717549,0.0400535393,0.0812544078,-0.0551236197,0.0340749845,-0.000196728026,-0.000580726308,0.000635284523
16.000000,752.830668,752.680237,11.7401485,11.6970091,0.150431633,0.0431394577,0.0815528929,-0.0549825057,0.03329961,-0.000236191379,-0.000586654816,0.000630302005
16.010000,752.94758,752.795105,11.642082,11.5965328,0.152474622,0.045549221,0.0815866739,-0.0549822673,0.0332995802,-0.000236181164,-0.000586654292,0.000630296883
16.020000,753.06351,752.90448,11.5440155,11.4980879,0.15903011,0.0459276581,0.0817179829,-0.0549813472,0.033299461,-0.00023614199,-0.000586652255,0.000630277325
16.030000,753.17846,753.024658,11.445949,11.4026203,0.15380171,0.0433287239,0.0815957263,-0.054982204,0.0332995728,-0.000236178021,-0.000586654176,0.000630295312
16.040000,753.292429,753.138489,11.3478825,11.3046646,0.153940302,0.043217926,0.0815895274,-0.0549822487,0.0332995765,-0.000236179825,-0.000586654292,0.000630296185
16.050000,753.405418,753.25354,11.249816,11.2087965,0.151877525,0.0410195351,0.0815358087,-0.0549858212,0.0332884043,-0.000235780084,-0.000601141772,0.000630758703
16.060000,753.517425,753.352661,11.1517495,11.1075802,0.164764259,0.0441693497,0.0818027332,-0.0549839586,0.0332881659,-0.000235704283,-0.000601137523,0.00063072081
16.070000,753.628453,753.463745,11.053683,11.0093994,0.164707437,0.0442836189,0.0817920864,-0.0549840331,0.0332881771,-0.000235707266,-0.000601137697,0.000630722323
16.080000,753.738499,753.573303,10.9556165,10.9104548,0.16519583,0.0451617813,0.0817931741,-0.0549840257,0.0332881771,-0.000235706961,-0.000601137697,0.000630722148
16.090000,753.847565,753.687012,10.85755,10.8145494,0.160553166,0.0430005836,0.0816845074,-0.0549847782,0.033288274,-0.000235736559,-0.000601139443,0.000630736933
16.100000,753.95565,753.795898,10.7594835,10.7170057,0.159751616,0.0424777985,0.0816345289,-0.0536871478,0.0331782177,-0.000213338339,-0.000591622491,0.000617331767
16.110000,754.062755,753.890625,10.661417,10.6163301,0.172129556,0.0450868797,0.0818892643,-0.0536854081,0.0331779905,-0.00021326897,-0.000591618416,0.000617297133
16.120000,754.168878,754.00061,10.5633505,10.5196257,0.168268042,0.0437248611,0.0817971975,-0.0536860377,0.0331780724,-0.000213293635,-0.000591619872,0.000617309473
16.130000,754.274022,754.106323,10.465284,10.4231491,0.167698324,0.0421349144,0.0817764401,-0.0536861792,0.033178091,-0.000213299107,-0.000591620221,0.000617312209
16.140000,754.378184,754.221558,10.3672175,10.3273954,0.156626457,0.0398220825,0.0815327987,-0.0536878332,0.0331783071,-0.000213362378,-0.000591624179,0.000617343816
16.150000,754.481366,754.330505,10.269151,10.2328997,0.150860546,0.0362513542,0.0814019367,-0.0536928624,0.0331690349,-0.000185500627,-0.000603371533,0.000618926482
16.160000,754.583567,754.433594,10.1710845,10.1349821,0.149973344,0.0361024094,0.0813756287,-0.0536930412,0.0331690572,-0.000185507262,-0.00060337194,0.0006189298
16.170000,754.684788,754.535461,10.073018,10.0387678,0.149326181,0.0342502022,0.0813547745,-0.0536931828,0.0331690758,-0.000185512443,-0.000603372289,0.000618932361
16.180000,754.785027,754.643982,9.97495152,9.94325256,0.141045521,0.0316989517,0.0811727792,-0.0536944121,0.033169236,-0.000185557015,-0.000603375258,0.000618954655
16.190000,754.884287,754.744934,9.87688501,9.84559917,0.139352555,0.0312858391,0.0811306015,-0.0536946952,0.0331692733,-0.000185567202,-0.000603375956,0.000618959719
16.200000,754.982565,754.849915,9.77881851,9.74733734,0.132650604,0.0314811707,0.0811047629,-0.0523737445,0.0342434905,-0.000146579332,-0.000601337408,0.000609496376
16.210000,755.079863,754.936096,9.68075201,9.64682388,0.143766816,0.0339281273,0.0813319311,-0.0523722358,0.0342432931,-0.000146524661,-0.000601333741,0.000609469076
16.220000,755.17618,755.035767,9.58268551,9.54925728,0.140413594,0.0334282303,0.0812550411,-0.0523727462,0.0342433602,-0.000146542909,-0.000601335021,0.000609478215
16.230000,755.271517,755.13623,9.48461901,9.45193005,0.135286249,0.032688961,0.0811400786,-0.0523735061,0.0342434607,-0.000146569859,-0.000601336884,0.000609491661
16.240000,755.365873,755.230225,9.38655251,9.3525362,0.135647966,0.034016304,0.0811413527,-0.0523734987,0.0342434607,-0.000146569568,-0.000601336884,0.000609491486
16.250000,755.459248,755.326294,9.288486,9.25505066,0.132953823,0.0334353447,0.0810770243,-0.0523746721,0.0342424288,-0.000130986053,-0.000601558539,0.000610160234
16.260000,755.551642,755.419983,9.1904195,9.15676117,0.131659385,0.0336583328,0.0810429975,-0.0523748957,0.0342424586,-0.000130993751,-0.000601559121,0.000610164076
16.270000,755.643056,755.510437,9.092353,9.05845261,0.132619146,0.0339003944,0.0810552165,-0.0523748137,0.0342424475,-0.000130991029,-0.000601558946,0.000610162737
16.280000,755.733489,755.594727,8.9942865,8.95921803,0.138762793,0.0350684738,0.0811770484,-0.0523740128,0.0342423432,-0.000130964225,-0.000601556909,0.000610149349
16.290000,755.822942,755.683044,8.89622,8.86135864,0.139897454,0.0348613548,0.0811937377,-0.0523739047,0.0342423283,-0.000130960601,-0.000601556618,0.000610147545
16.300000,755.911414,755.780518,8.7981535,8.76499748,0.130896177,0.0331560135,0.0810718313,-0.051459983,0.0349381976,-0.0001512624,-0.000602484157,0.000601321983
16.310000,755.998905,755.864258,8.70008699,8.66532326,0.134647145,0.0347637367,0.0811432004,-0.0514595211,0.034938138,-0.000151247004,-0.000602482993,0.000601314299
16.320000,756.085415,755.947876,8.60202049,8.56743813,0.137539519,0.0345823669,0.0811966658,-0.0514591746,0.0349380933,-0.000151235639,-0.00060248212,0.000601308595
16.330000,756.170945,756.043091,8.50395399,8.47415066,0.127854547,0.0298033333,0.0809882954,-0.0514605157,0.0349382721,-0.000151279281,-0.000602485612,0.000601330365
16.340000,756.255495,756.136658,8.40588749,8.37945938,0.11883686,0.0264281082,0.0807933956,-0.0514617674,0.034938436,-0.000151319429,-0.000602488872,0.000601350446
16.350000,756.339063,756.22229,8.30782099,8.28045082,0.116773078,0.0273701668,0.0807456747,-0.0514593907,0.0349436998,-0.00015406993,-0.000590221898,0.000600859697
16.360000,756.421651,756.299072,8.20975449,8.18181801,0.122578729,0.0279364777,0.0808612779,-0.0514586493,0.034943603,-0.000154046895,-0.000590219977,0.000600848172
16.370000,756.503258,756.382446,8.11168798,8.08308792,0.120811918,0.0286000633,0.0808194429,-0.0514589176,0.0349436365,-0.000154055087,-0.000590220676,0.000600852247
16.380000,756.583885,756.456665,8.01362148,7.98467445,0.127219715,0.0289470291,0.0809459761,-0.0514581092,0.0349435285,-0.000154030771,-0.00059021858,0.000600840081
16.390000,756.663531,756.530518,7.91555498,7.88499117,0.133013059,0.0305638123,0.0810597911,-0.0514573827,0.0349434316,-0.000154009293,-0.000590216659,0.000600829371
16.400000,756.742196,756.60437,7.81748848,7.78515816,0.137825737,0.0323303223,0.0812040716,-0.0507739373,0.0340946689,-0.000122006888,-0.000572495686,0.000593420758
16.410000,756.81988,756.67981,7.71942198,7.68647671,0.140070836,0.0329452705,0.0812450051,-0.0507736802,0.0340946354,-0.000121999183,-0.000572494988,0.000593416917
16.420000,756.896584,756.76001,7.62135548,7.5896287,0.136574528,0.0317267799,0.0811651722,-0.0507741794,0.0340947025,-0.000122013938,-0.000572496327,0.000593424309
16.430000,756.972308,756.842468,7.52328897,7.49394321,0.129839254,0.0293457603,0.0810193121,-0.0507750921,0.0340948254,-0.000122040408,-0.000572498771,0.000593437522
16.440000,757.04705,756.927002,7.42522247,7.3978343,0.12004812,0.0273881721,0.080811806,-0.0507763885,0.0340949968,-0.000122077414,-0.000572502264,0.000593455974
16.450000,757.120812,757.008179,7.32715597,7.30141211,0.112633255,0.025743866,0.0806536824,-0.0507773161,0.0340952463,-0.000124374114,-0.000572553952,0.000593378325
16.460000,757.193593,757.084106,7.22908947,7.20437336,0.109486747,0.0247161102,0.0805828422,-0.0507777594,0.0340953059,-0.000124386337,-0.000572555116,0.000593384437
16.470000,757.265394,757.144714,7.13102297,7.10509109,0.120679399,0.0259318733,0.0808075219,-0.0507763624,0.0340951197,-0.000124348226,-0.000572551391,0.000593365403
16.480000,757.336214,757.210876,7.03295647,7.00656652,0.125337187,0.0263899422,0.0808984935,-0.0507757962,0.0340950452,-0.000124333063,-0.000572549878,0.000593357836
16.490000,757.406053,757.276184,6.93488997,6.90769386,0.129868802,0.0271961021,0.0809863508,-0.0507752523,0.0340949744,-0.000124318671,-0.000572548422,0.000593350618
16.500000,757.474911,757.330933,6.83682346,6.80421495,0.143978834,0.0326085091,0.0814512223,-0.0508214794,0.0348403119,-0.00011720787,-0.000575450948,0.000593528093
16.510000,757.542789,757.390198,6.73875696,6.70631504,0.1525916,0.0324419212,0.0816205293,-0.0508204438,0.034840174,-0.000117180258,-0.000575448154,0.000593514298
16.520000,757.609687,757.463623,6.64069046,6.61048985,0.146063544,0.0302006149,0.0814807191,-0.0508212969,0.0348402895,-0.000117202595,-0.000575450482,0.000593525474
16.530000,757.675603,757.521118,6.54262396,6.51058054,0.154484999,0.0320434189,0.081647113,-0.0508202836,0.0348401554,-0.000117176613,-0.000575447688,0.000593512494
16.540000,757.740539,757.589355,6.44455746,6.41313457,0.151183601,0.0314228821,0.0815733597,-0.0508207306,0.034840215,-0.000117187847,-0.00057544891,0.000593518082
16.550000,757.804494,757.657471,6.34649096,6.31537676,0.147023609,0.0311141968,0.0814824626,-0.0508217476,0.0348393731,-0.000101061829,-0.000575277023,0.000594190555
16.560000,757.867469,757.722412,6.24842445,6.21656275,0.145056779,0.0318617058,0.0814363584,-0.050822027,0.0348394103,-0.000101068494,-0.00057527778,0.000594193873
16.570000,757.929463,757.786621,6.15035795,6.11817837,0.142841707,0.0321795845,0.0813849345,-0.0508223362,0.0348394513,-0.000101075711,-0.000575278653,0.000594197481
16.580000,757.990476,757.848083,6.05229145,6.01996946,0.142392552,0.0323219872,0.0813692659,-0.0508224294,0.0348394625,-0.000101077843,-0.000575278886,0.000594198529
16.590000,758.050509,757.919617,5.95422495,5.92379618,0.130891931,0.030428772,0.0811275989,-0.0508238859,0.0348396562,-0.000101109639,-0.000575282902,0.00059421442
16.600000,758.109561,757.981445,5.85615845,5.82598352,0.128115234,0.0301749229,0.0811529532,-0.0528631583,0.0351469554,-0.000130157787,-0.000602118496,0.000616709411
16.610000,758.167632,758.047974,5.75809195,5.73098326,0.119658166,0.0271086884,0.0809761137,-0.0528642088,0.035147097,-0.000130180983,-0.000602121407,0.000616720994
16.620000,758.224722,758.106384,5.66002544,5.63230753,0.118338108,0.0277179146,0.0809440687,-0.0528643988,0.035147123,-0.000130185086,-0.000602121931,0.000616723031
16.630000,758.280832,758.160156,5.56195894,5.53218555,0.120676058,0.0297733879,0.0809863806,-0.0528641492,0.0351470895,-0.000130179804,-0.000602121232,0.000616720412
16.640000,758.335962,758.231873,5.46389244,5.43868256,0.104089006,0.0252098846,0.0806447342,-0.0528661683,0.0351473615,-0.000130221306,-0.000602126936,0.000616741134
16.650000,758.39011,758.28241,5.36582594,5.34014177,0.107700489,0.025684166,0.080711931,-0.0528678074,0.035146527,-0.000134669477,-0.000614614284,0.000616885605
16.660000,758.443278,758.338806,5.26775944,5.24350691,0.104471931,0.0242525291,0.0806413889,-0.052868221,0.0351465829,-0.000134677524,-0.000614615448,0.000616889622
16.670000,758.495465,758.395874,5.16969294,5.14550924,0.0995913218,0.0241836929,0.0805378109,-0.0528688282,0.0351466648,-0.000134688962,-0.000614617195,0.000616895326
16.680000,758.546672,758.450806,5.07162643,5.04936028,0.0958662781,0.0222661591,0.0804579183,-0.0528692976,0.0351467282,-0.00013469749,-0.000614618533,0.000616899575
16.690000,758.596898,758.503418,4.97355993,4.9525795,0.0934799052,0.0209804344,0.0804044604,-0.0528696105,0.0351467691,-0.000134703005,-0.000614619465,0.000616902311
16.700000,758.646143,758.534363,4.87549343,4.84705877,0.111780348,0.0284346581,0.0809963569,-0.054285869,0.0349251218,-0.000147408893,-0.000609797135,0.000631029427
16.710000,758.694408,758.591614,4.77742693,4.75190258,0.102793973,0.0255243492,0.0808103532,-0.0542869419,0.0349252671,-0.000147428014,-0.000609800278,0.000631038973
16.720000,758.741692,758.635376,4.67936043,4.65273428,0.106315703,0.0266261482,0.0808762088,-0.0542865619,0.0349252149,-0.000147421451,-0.000609799172,0.000631035713
16.730000,758.787995,758.674866,4.58129393,4.55310297,0.113129228,0.0281909561,0.0810066238,-0.0542858131,0.0349251144,-0.000147408864,-0.00060979696,0.000631029427
16.740000,758.833318,758.71698,4.48322742,4.45266199,0.116337577,0.0305654335,0.0810657814,-0.0542854741,0.0349250697,-0.000147403349,-0.000609795912,0.000631026691
16.750000,758.877659,758.752319,4.38516092,4.35190439,0.125340164,0.0332565308,0.0812402964,-0.0542850085,0.0349237099,-0.000126826417,-0.000606151938,0.00063189998
16.760000,758.921021,758.808716,4.28709442,4.25747728,0.112304956,0.0296171379,0.0809733868,-0.0542865358,0.0349239148,-0.000126849744,-0.000606156536,0.000631911622
16.770000,758.963401,758.858643,4.18902792,4.16264868,0.10475881,0.0263792419,0.0808170289,-0.0542874299,0.034924034,-0.000126863015,-0.000606159272,0.000631918258
16.780000,759.004801,758.891541,4.09096142,4.06425142,0.113260807,0.0267099953,0.0809818283,-0.0542864911,0.0349239074,-0.000126849452,-0.000606156362,0.000631911505
16.790000,759.045221,758.926208,3.99289492,3.9631319,0.11901212,0.0297630119,0.0810912699,-0.054285869,0.0349238254,-0.000126840736,-0.000606154441,0.00063190714
16.800000,759.084659,758.969788,3.89482841,3.86520505,0.114871635,0.0296233654,0.0810785741,-0.0542991869,0.0347386822,-0.000109952307,-0.000599241757,0.000631859235
16.810000,759.123117,759.00238,3.79676191,3.7664907,0.120736814,0.0302712154,0.081189096,-0.0542985648,0.0347385965,-0.000109943561,-0.000599239836,0.000631854869
16.820000,759.160594,759.046204,3.69869541,3.66807127,0.114390858,0.0306241417,0.0810568184,-0.0542993061,0.0347386971,-0.000109953624,-0.000599242165,0.000631859875
16.830000,759.197091,759.081055,3.60062891,3.5704658,0.116036405,0.0301631069,0.0810828954,-0.0542991608,0.0347386785,-0.000109951725,-0.000599241699,0.000631858944
16.840000,759.232607,759.114563,3.50256241,3.47208214,0.118044061,0.0304802704,0.0811172202,-0.0542989671,0.0347386524,-0.000109949338,-0.000599241117,0.00063185778
16.850000,759.267142,759.139038,3.40449591,3.3722198,0.128104255,0.0322761059,0.0813103169,-0.0542985909,0.034741126,-0.000134899426,-0.000609682931,0.000630990486
16.860000,759.300697,759.169312,3.30642941,3.27474213,0.131385444,0.0316872787,0.0813698247,-0.0542982593,0.0347410813,-0.000134895701,-0.000609681883,0.000630988623
16.870000,759.333271,759.197144,3.2083629,3.17634797,0.136127375,0.0320149326,0.0814582556,-0.0542977676,0.0347410142,-0.000134890477,-0.000609680312,0.000630986004
16.880000,759.364864,759.228516,3.1102964,3.07860279,0.136348601,0.0316936111,0.0814554915,-0.0542977825,0.034741018,-0.000134890637,-0.00060968037,0.000630986062
16.890000,759.395477,759.264038,3.0122299,2.9815979,0.131438771,0.030632,0.0813511312,-0.0542983599,0.0347410962,-0.000134896007,-0.000609682233,0.000630988739
16.900000,759.425109,759.294861,2.9141634,2.883219,0.130247984,0.0309443951,0.0813629106,-0.0530005693,0.0348889902,-0.000134573143,-0.000608805451,0.000617177982
16.910000,759.45376,759.318237,2.8160969,2.78355575,0.135522821,0.032541151,0.0814603195,-0.0530000366,0.0348889194,-0.000134568181,-0.000608803704,0.000617175479
16.920000,759.481431,759.356018,2.7180304,2.68788028,0.125412695,0.0301501179,0.0812546983,-0.0530011579,0.0348890722,-0.000134577858,-0.000608807371,0.000617180311
16.930000,759.508121,759.386536,2.61996389,2.59018707,0.121585089,0.0297768211,0.0811727643,-0.053001605,0.0348891318,-0.000134581394,-0.000608808827,0.000617182057
16.940000,759.53383,759.406006,2.52189739,2.48929739,0.12782418,0.0326000023,0.0812893659,-0.0530009717,0.0348890461,-0.000134576781,-0.000608806731,0.000617179787
16.950000,759.558559,759.443909,2.42383089,2.39430141,0.11464999,0.0295294762,0.0810244307,-0.0530025735,0.0348875262,-0.000117075826,-0.000605229114,0.000617907033
16.960000,759.582307,759.463928,2.32576439,2.29557252,0.118378435,0.0301918697,0.0810913742,-0.0530022122,0.0348874778,-0.00011707365,-0.000605227891,0.000617905927
16.970000,759.605074,759.487183,2.22769789,2.1992569,0.117891352,0.0284409904,0.0810760707,-0.0530022942,0.0348874889,-0.000117074102,-0.000605228182,0.00061790616
16.980000,759.626861,759.500061,2.12963139,2.09812164,0.12679958,0.0315097427,0.0812445655,-0.0530013852,0.034887366,-0.000117069692,-0.000605225156,0.000617903948
16.990000,759.647667,759.525269,2.03156488,2.00082254,0.122398042,0.0307423401,0.0811525211,-0.0530018806,0.0348874331,-0.000117071831,-0.000605226844,0.000617904996
17.000000,759.667492,759.549561,1.93349838,1.90536547,0.117931366,0.0281329155,0.0809440389,-0.0522539951,0.0338539667,-0.00011959135,-0.000601838517,0.00060907146
17.010000,759.686337,759.565918,1.83543188,1.80580664,0.120418595,0.0296252441,0.0809868127,-0.0522537678,0.0338539369,-0.000119590382,-0.000601837761,0.000609070994
17.020000,759.704201,759.579834,1.73736538,1.70651758,0.124366566,0.0308478022,0.0810580477,-0.0522533916,0.0338538848,-0.000119588993,-0.00060183648,0.000609070295
17.030000,759.721084,759.605896,1.63929888,1.61092091,0.115187876,0.0283779716,0.0808743313,-0.0522543639,0.0338540152,-0.000119591925,-0.000601839798,0.000609071751
17.040000,759.736987,759.618958,1.54123238,1.51204324,0.118029008,0.0291891384,0.0809243992,-0.0522540994,0.0338539779,-0.000119591306,-0.000601838867,0.00060907146
17.050000,759.751909,759.642212,1.44316587,1.41639435,0.109696605,0.0267715216,0.0807576403,-0.0522554927,0.0338534936,-0.000107459295,-0.000601952255,0.000609647366
17.060000,759.76585,759.651794,1.34509937,1.31669343,0.114055412,0.0284059477,0.0808371231,-0.0522550754,0.0338534378,-0.000107458865,-0.0006019508,0.000609647133
17.070000,759.778811,759.669495,1.24703287,1.22011292,0.109315878,0.0269199514,0.0807397515,-0.0522555858,0.0338535048,-0.000107459084,-0.000601952546,0.00060964725
17.080000,759.790791,759.685974,1.14896637,1.12330174,0.104816382,0.0256646252,0.0806471482,-0.0522560701,0.0338535681,-0.000107459018,-0.000601954234,0.000609647192
17.090000,759.80179,759.697144,1.05089987,1.02472627,0.104646279,0.0261735964,0.0806386843,-0.0522561148,0.0338535756,-0.000107458989,-0.000601954409,0.000609647192
17.100000,759.811809,759.720154,0.952833366,0.932537436,0.0916546917,0.0202959299,0.0802298188,-0.0521837436,0.033521682,-0.000111729954,-0.000604925328,0.000609753537
17.110000,759.820847,759.733643,0.854766865,0.833803177,0.0872039233,0.0209636879,0.0801400542,-0.0521842092,0.0335217454,-0.000111729591,-0.000604926958,0.000609753362
17.120000,759.828904,759.739441,0.756700363,0.735072374,0.0894629196,0.0216279888,0.0801798776,-0.0521840043,0.0335217193,-0.000111729903,-0.000604926259,0.000609753537
17.130000,759.835981,759.749023,0.658633862,0.638094306,0.0869570712,0.0205395555,0.0801268891,-0.0521842763,0.0335217565,-0.000111729292,-0.000604927249,0.000609753246
17.140000,759.842077,759.762695,0.56056736,0.540846527,0.0793812023,0.0197208333,0.0799776614,-0.0521850437,0.0335218608,-0.000111726971,-0.000604929985,0.000609752082
17.150000,759.847192,759.764893,0.462500858,0.443240553,0.0822992778,0.0192603052,0.0800300464,-0.0521849059,0.0335206054,-0.000100014367,-0.000603399647,0.000610250747
17.160000,759.851327,759.781982,0.364434357,0.346884698,0.0693441101,0.017549659,0.0797779635,-0.0521861948,0.0335207768,-0.000100008649,-0.000603404304,0.000610247895
17.170000,759.854481,759.769043,0.266367855,0.245494947,0.0854375743,0.0208729082,0.0800849348,-0.0521846302,0.0335205682,-0.000100016616,-0.000603398599,0.000610251911
17.180000,759.856654,759.76001,0.168301353,0.145306006,0.0966441235,0.0229953474,0.0802956969,-0.0521835573,0.0335204266,-0.000100022786,-0.000603394699,0.000610254996
17.190000,759.857847,759.762085,0.0702348518,0.0472944528,0.0957616092,0.0229403991,0.0802751034,-0.0521836616,0.0335204415,-0.000100022109,-0.000603395107,0.000610254647
